antecedent,consequent,support,confidence,lift,antecedent_support,consequent_support
Age=60+ + BMI=Obese,Risk=High,0.10289546867331915,0.9889937106918238,1.8787192521625602,0.10404056927858663,0.5264191068215279
BMI=Obese + Diabetes=Yes,Risk=High,0.08719123180107967,0.9833948339483396,1.8680834741846488,0.08866350400785211,0.5264191068215279
Rx=Antihypertensive + Rx=Statin,Hypertension=Yes,0.12514313757565843,0.9096313912009513,1.8553809457495545,0.13757565843284802,0.4902666448552266
Age=60+ + Diabetes=Yes,Risk=High,0.0955341076394569,0.9717138103161397,1.8458938851654945,0.09831506625224931,0.5264191068215279
BMI=Obese + Diabetes=Prediabetes,Risk=High,0.08244724357925733,0.9673704414587333,1.8376431039891972,0.08522820219204973,0.5264191068215279
BMI=Obese + Hypertension=Yes,Risk=High,0.20988058236545068,0.9632132132132133,1.8297459205631985,0.2178962866023229,0.5264191068215279
Diabetes=Yes + Smoking=Ever,Risk=High,0.08032062816947488,0.9608610567514676,1.8252777004107275,0.08359234418452478,0.5264191068215279
Diabetes=Yes + Hypertension=Yes,Risk=High,0.12285293636512351,0.9591315453384419,1.8219922736649767,0.12808768198920334,0.5264191068215279
Activity=SedentaryHigh + BMI=Obese,Risk=High,0.08719123180107967,0.9586330935251799,1.8210454010936683,0.09095370521838704,0.5264191068215279
Diabetes=Yes + Diet=FiberLow,Risk=High,0.09062653361688205,0.9535283993115319,1.8113483856405823,0.09504335023719941,0.5264191068215279
BMI=Obese + Smoking=Ever,Risk=High,0.14101096024865042,0.9524861878453039,1.8093685724979311,0.14804514968100768,0.5264191068215279
Cholesterol=High + Diabetes=Yes,Risk=High,0.1351218714215606,0.9439999999999998,1.7932479801118704,0.14313757565843285,0.5264191068215279
Rx=Statin + Smoking=Ever,Risk=High,0.08899067560935711,0.9347079037800687,1.7755964623392044,0.09520693603795191,0.5264191068215279
Diabetes=Yes + Rx=Antihypertensive,Risk=High,0.12072632095534108,0.9341772151898735,1.774588351912895,0.1292327825944708,0.5264191068215279
Diabetes=Yes + Sex=Female,Risk=High,0.08048421397022738,0.9318181818181818,1.770107068195943,0.0863733027973172,0.5264191068215279
Age=60+ + Rx=Statin,Risk=High,0.12367086536888598,0.929889298892989,1.7664429099231949,0.13299525601177817,0.5264191068215279
Diabetes=Prediabetes + Hypertension=Yes,Risk=High,0.11434647472599378,0.9295212765957447,1.7657438047948375,0.123016522165876,0.5264191068215279
Diet=FiberLow + Rx=Statin,Risk=High,0.09684279404547685,0.9293563579277865,1.765430520824288,0.10420415507933911,0.5264191068215279
Alcohol=Regular + Diabetes=Yes,Risk=High,0.11025682970718141,0.9283746556473829,1.7635656525706809,0.11876329134631114,0.5264191068215279
Age=60+ + Diabetes=Prediabetes,Risk=High,0.08261082938000981,0.926605504587156,1.7602049252769683,0.0891542614101096,0.5264191068215279
Diabetes=Yes + Diet=SugarHigh,Risk=High,0.08980860461311958,0.9258010118043845,1.7586766889870111,0.09700637984622935,0.5264191068215279
Diabetes=Yes + Diet=SodiumHigh,Risk=High,0.11729101913953868,0.9251612903225807,1.757461456725275,0.12677899558318337,0.5264191068215279
Activity=SedentaryHigh + Hypertension=Yes,Risk=High,0.10911172910191395,0.9251040221914009,1.7573526686314584,0.11794536234254867,0.5264191068215279
Hypertension=Yes + Rx=Statin,Risk=High,0.1377392442336005,0.9242590559824369,1.7557475479243743,0.14902666448552265,0.5264191068215279
Age=60+ + Cholesterol=High,Risk=High,0.20742679535416325,0.9228529839883551,1.7530765354632736,0.2247668902339277,0.5264191068215279
Age=60+ + Rx=Antihypertensive,Hypertension=Yes,0.19155897268117128,0.8578754578754578,1.7498140387029275,0.22329461802715525,0.4902666448552266
BMI=Obese + Cholesterol=High,Risk=High,0.24063471290691968,0.9176543980037429,1.7432011606578248,0.262228038606249,0.5264191068215279
Rx=Antihypertensive + Rx=Statin,Risk=High,0.1259610665794209,0.9155766944114151,1.7392542986131077,0.13757565843284802,0.5264191068215279
Age=60+ + Diet=FiberLow,Risk=High,0.15148045149681008,0.914116485686081,1.7364804465503456,0.1657124161622771,0.5264191068215279
Diabetes=Yes,Risk=High,0.15802388352690985,0.9130434782608695,1.7344421325695136,0.17307377719613937,0.5264191068215279
BMI=Obese + Diet=FiberLow,Risk=High,0.1722558481923769,0.9093264248704663,1.7273811172259665,0.18943235727138885,0.5264191068215279
Age=60+ + Smoking=Ever,Risk=High,0.13692131522983805,0.9078091106290672,1.7244987859774665,0.1508261082938001,0.5264191068215279
Rx=Statin + Sex=Female,Risk=High,0.0829380009815148,0.9069767441860465,1.7229176001271913,0.09144446262064453,0.5264191068215279
Risk=High + Rx=Statin,Hypertension=Yes,0.1377392442336005,0.8445336008024071,1.722600567802841,0.1630950433502372,0.4902666448552266
Diabetes=Prediabetes + Smoking=Ever,Risk=High,0.08162931457549484,0.9056261343012704,1.7203519449918165,0.09013577621462457,0.5264191068215279
Age=60+ + BMI=Obese,Hypertension=Yes,0.08735481760183215,0.8396226415094339,1.712583652835225,0.10404056927858663,0.4902666448552266
Diet=SodiumHigh + Rx=Statin,Risk=High,0.11859970554555864,0.9006211180124223,1.7108442804257107,0.13168656960575822,0.5264191068215279
Age=60+ + Hypertension=Yes,Risk=High,0.2128251267789956,0.8984806629834254,1.706778214051485,0.2368722394896123,0.5264191068215279
Age=60+ + Rx=Statin,Hypertension=Yes,0.11123834451169638,0.8364083640836408,1.7060274706851173,0.13299525601177817,0.4902666448552266
Age=60+ + Risk=High,Hypertension=Yes,0.2128251267789956,0.8361182519280207,1.7054357270724025,0.2545395059708817,0.4902666448552266
Cholesterol=High + Rx=Statin,Risk=High,0.14968100768853262,0.8926829268292682,1.6957646773484512,0.16767544577130705,0.5264191068215279
Cholesterol=High + Hypertension=Yes,Risk=High,0.31948306886962213,0.890154968094804,1.6909624984349088,0.35890724685097336,0.5264191068215279
Age=45-59 + BMI=Obese,Risk=High,0.08048421397022738,0.8880866425992779,1.687033451277,0.09062653361688205,0.5264191068215279
Diabetes=Prediabetes + Diet=FiberLow,Risk=High,0.08817274660559464,0.8836065573770493,1.678522959989404,0.09978733845902175,0.5264191068215279
Alcohol=Regular + Rx=Statin,Risk=High,0.11680026173728121,0.8825710754017306,1.676555930370037,0.1323409128087682,0.5264191068215279
Cholesterol=High + Diabetes=Prediabetes,Risk=High,0.12628823818092588,0.8812785388127853,1.6741005928410677,0.14330116145918534,0.5264191068215279
Age=60+ + Diabetes=Yes,Hypertension=Yes,0.08064779977097988,0.8202995008319467,1.6731701196482116,0.09831506625224931,0.4902666448552266
Diet=FiberLow + Rx=Statin,Hypertension=Yes,0.08539178799280223,0.8194662480376766,1.6714705286133857,0.10420415507933911,0.4902666448552266
Rx=Statin,Risk=High,0.1630950433502372,0.8776408450704225,1.6671903312353924,0.18583346965483397,0.5264191068215279
Diet=SugarHigh + Rx=Statin,Risk=High,0.09667920824472435,0.8755555555555555,1.6632290587666596,0.11042041550793391,0.5264191068215279
Hypertension=Yes + Smoking=Ever,Risk=High,0.2031735645345984,0.8728039353478566,1.6580020064578767,0.23278259447079994,0.5264191068215279
Diabetes=Yes + Rx=Antihypertensive,Hypertension=Yes,0.10502208408310158,0.8126582278481013,1.6575841664449258,0.1292327825944708,0.4902666448552266
Age=60+ + Cholesterol=High,Hypertension=Yes,0.18256175363978408,0.8122270742358079,1.6567047396741719,0.2247668902339277,0.4902666448552266
BMI=Obese + Diet=SodiumHigh,Risk=High,0.2306559790610175,0.8719851576994434,1.6564466342500612,0.2645182398167839,0.5264191068215279
Age=60+ + Sex=Female,Risk=High,0.13757565843284802,0.8697001034126163,1.652105883207372,0.15818746932766237,0.5264191068215279
Age=60+ + Rx=Antihypertensive,Risk=High,0.1940127596924587,0.8688644688644689,1.6505184891760403,0.22329461802715525,0.5264191068215279
Cholesterol=High + Rx=Statin,Hypertension=Yes,0.1354490430230656,0.8078048780487804,1.6476847579286602,0.16767544577130705,0.4902666448552266
Age=60+ + Diet=FiberLow,Hypertension=Yes,0.13315884181253068,0.8035538005923002,1.639013808148392,0.1657124161622771,0.4902666448552266
Rx=Statin,Hypertension=Yes,0.14902666448552265,0.8019366197183098,1.6357152340133558,0.18583346965483397,0.4902666448552266
Age=60+ + Smoking=Never,Hypertension=Yes,0.12039914935383608,0.8008705114254624,1.6335406861340847,0.15033535089154262,0.4902666448552266
Age=60+ + Diet=SodiumHigh,Risk=High,0.18566988385408145,0.8598484848484848,1.6333914816279635,0.215933256993293,0.5264191068215279
Alcohol=Regular + BMI=Obese,Risk=High,0.2123343693767381,0.8596026490066225,1.6329244852012068,0.24701455913626696,0.5264191068215279
Age=60+ + Sex=Female,Hypertension=Yes,0.1259610665794209,0.796277145811789,1.6241715690181735,0.15818746932766237,0.4902666448552266
Risk=High + Rx=Antihypertensive,Hypertension=Yes,0.2990348437755603,0.7940920938314509,1.6197147045684548,0.3765745133322428,0.4902666448552266
Diet=SodiumHigh + Rx=Statin,Hypertension=Yes,0.1045313266808441,0.7937888198757763,1.6190961147482885,0.13168656960575822,0.4902666448552266
Alcohol=Regular + Rx=Statin,Hypertension=Yes,0.10502208408310158,0.7935723114956736,1.6186545012255764,0.1323409128087682,0.4902666448552266
BMI=Obese + Sex=Male,Risk=High,0.1231801079666285,0.8518099547511312,1.6181212720303495,0.1446098478652053,0.5264191068215279
Diet=FiberLow + Hypertension=Yes,Risk=High,0.23131032226402748,0.8518072289156626,1.61811609395943,0.2715524292491412,0.5264191068215279
Rx=Statin + Sex=Male,Risk=High,0.0801570423687224,0.8492201039861352,1.613201521338485,0.09438900703418943,0.5264191068215279
BMI=Obese + Diet=SugarHigh,Risk=High,0.19613937510224114,0.8491501416430596,1.6130686189757684,0.23098315066252248,0.5264191068215279
BMI=Obese,Risk=High,0.29445444135449045,0.8490566037735849,1.6128909319042648,0.34680189759528873,0.5264191068215279
Age=60+ + Alcohol=Regular,Risk=High,0.17618190741043677,0.8473642800944138,1.6096761479854416,0.20791755275642074,0.5264191068215279
BMI=Obese + Sex=Female,Risk=High,0.17127433338786194,0.8470873786407768,1.6091501384807545,0.20219204973008342,0.5264191068215279
Activity=SedentaryHigh + Cholesterol=High,Risk=High,0.12367086536888598,0.8465845464725644,1.6081949448684854,0.14608212007197774,0.5264191068215279
Age=60+,Risk=High,0.2545395059708817,0.8451928299837045,1.6055512025141034,0.3011614591853427,0.5264191068215279
Age=60+,Hypertension=Yes,0.2368722394896123,0.7865290602933189,1.604288336861214,0.3011614591853427,0.4902666448552266
BMI=Obese + Rx=Antihypertensive,Risk=High,0.21135285457222314,0.8433420365535248,1.6020353851621183,0.2506134467528219,0.5264191068215279
Age=60+ + BMI=Overweight,Risk=High,0.09946016685751677,0.8432732316227461,1.6019046814511644,0.11794536234254867,0.5264191068215279
Diet=SugarHigh + Rx=Statin,Hypertension=Yes,0.08670047439882218,0.7851851851851852,1.6015472262385841,0.11042041550793391,0.4902666448552266
Age=60+ + Alcohol=Regular,Hypertension=Yes,0.1630950433502372,0.7844217151848938,1.5999899716133652,0.20791755275642074,0.4902666448552266
Diabetes=Prediabetes + Diet=SodiumHigh,Risk=High,0.12203500736136104,0.8410372040586246,1.5976570628994318,0.1451006052674628,0.5264191068215279
Age=60+ + BMI=Overweight,Hypertension=Yes,0.092262391624407,0.782246879334258,1.5955539450685081,0.11794536234254867,0.4902666448552266
Hypertension=Yes + Sex=Female,Risk=High,0.2059545231473908,0.8398932621747831,1.5954839998988344,0.24521511532798954,0.5264191068215279
Age=60+ + Diet=SugarHigh,Risk=High,0.15409782430885,0.839572192513369,1.5948740872698024,0.18354326844429902,0.5264191068215279
Age=60+ + Diet=SodiumHigh,Hypertension=Yes,0.16816620317356454,0.7787878787878788,1.5884985996097107,0.215933256993293,0.4902666448552266
Diabetes=Yes + Risk=High,Hypertension=Yes,0.12285293636512351,0.777432712215321,1.585734457715134,0.15802388352690985,0.4902666448552266
Diabetes=Prediabetes + Sex=Female,Risk=High,0.08719123180107967,0.8341158059467919,1.5845089874930822,0.1045313266808441,0.5264191068215279
Age=60+ + Diet=SugarHigh,Hypertension=Yes,0.14248323245542288,0.7762923351158646,1.5834084232777044,0.18354326844429902,0.4902666448552266
Age=60+ + Sex=Male,Hypertension=Yes,0.1109111729101914,0.7757437070938215,1.582289383204715,0.14297398985768037,0.4902666448552266
Age=60+ + Smoking=Ever,Hypertension=Yes,0.11647309013577621,0.772234273318872,1.5751311687681895,0.1508261082938001,0.4902666448552266
Age=45-59 + Risk=High,Hypertension=Yes,0.09749713724848683,0.7690322580645161,1.5685999978473095,0.12677899558318337,0.4902666448552266
Alcohol=Regular + Diabetes=Prediabetes,Risk=High,0.10943890070341894,0.8238916256157636,1.565086857485756,0.13283167021102568,0.5264191068215279
Diet=SodiumHigh + Hypertension=Yes,Risk=High,0.30067070178308525,0.8212689901697946,1.5601048281255296,0.3661050220840831,0.5264191068215279
Activity=Active + BMI=Obese,Risk=High,0.10960248650417144,0.8210784313725491,1.5597428374706004,0.13348601341403565,0.5264191068215279
BMI=Overweight + Risk=High,Hypertension=Yes,0.12219859316211353,0.7638036809815951,1.5579352358493463,0.1599869131359398,0.4902666448552266
Diabetes=Prediabetes + Diet=SugarHigh,Risk=High,0.10584001308686405,0.8189873417721518,1.555770547002226,0.1292327825944708,0.5264191068215279
Age=60+ + Sex=Male,Risk=High,0.1169638475380337,0.8180778032036612,1.5540427628912308,0.14297398985768037,0.5264191068215279
Cholesterol=High + Smoking=Ever,Risk=High,0.23196466546703745,0.817762399077278,1.5534436126660658,0.28365777850482576,0.5264191068215279
Risk=High + Sex=Male,Hypertension=Yes,0.18223458203827908,0.7609289617486339,1.5520716527091754,0.23948961230165222,0.4902666448552266
Risk=High + Smoking=Never,Hypertension=Yes,0.18501554065107148,0.7605917955615332,1.5513839326885728,0.2432520857189596,0.4902666448552266
Cholesterol=High + Diabetes=Yes,Hypertension=Yes,0.10845738589890397,0.7577142857142857,1.5455146575146574,0.14313757565843285,0.4902666448552266
Diabetes=Prediabetes,Risk=High,0.15475216751185997,0.809931506849315,1.5385678375916292,0.1910682152789138,0.5264191068215279
Age=60+ + Diabetes=No,Hypertension=Yes,0.08555537379355473,0.7525179856115108,1.5349157310788006,0.11369213152298381,0.4902666448552266
Diabetes=Prediabetes + Rx=Antihypertensive,Risk=High,0.11303778831997383,0.802555168408827,1.5245555452091857,0.1408473744478979,0.5264191068215279
Diabetes=Yes + Diet=SodiumHigh,Hypertension=Yes,0.09406183543268444,0.7419354838709677,1.5133305348359112,0.12677899558318337,0.4902666448552266
Diabetes=Yes,Hypertension=Yes,0.12808768198920334,0.7400756143667298,1.5095369471550948,0.17307377719613937,0.4902666448552266
Hypertension=Yes + Rx=Antihypertensive,Risk=High,0.2990348437755603,0.7940920938314509,1.5084788594131942,0.3765745133322428,0.5264191068215279
Diabetes=Prediabetes + Risk=High,Hypertension=Yes,0.11434647472599378,0.7389006342494715,1.507140332721728,0.15475216751185997,0.4902666448552266
Hypertension=Yes,Risk=High,0.3881891051856699,0.7917917917917918,1.5041091433260483,0.4902666448552266,0.5264191068215279
Risk=High,Hypertension=Yes,0.3881891051856699,0.7374145431945307,1.504109143326048,0.5264191068215279,0.4902666448552266
Cholesterol=High + Diet=FiberLow,Risk=High,0.26108293800098153,0.7893175074183977,1.4994089256832395,0.3307704891215443,0.5264191068215279
Cholesterol=High + Risk=High,Hypertension=Yes,0.31948306886962213,0.7342105263157895,1.4975738896791528,0.4351382300016359,0.4902666448552266
Alcohol=Regular + Hypertension=Yes,Risk=High,0.28382136430557825,0.787920072661217,1.4967543207514042,0.3602159332569933,0.5264191068215279
Alcohol=Regular + Risk=High,Hypertension=Yes,0.28382136430557825,0.7305263157894736,1.4900591819890063,0.3885162767871749,0.4902666448552266
Alcohol=Regular + Diabetes=Yes,Hypertension=Yes,0.08670047439882218,0.7300275482093664,1.489041842577196,0.11876329134631114,0.4902666448552266
Age=60+ + Smoking=Never,Risk=High,0.11761819074104368,0.7823721436343852,1.4862153244366054,0.15033535089154262,0.5264191068215279
Diet=SugarHigh + Hypertension=Yes,Risk=High,0.24488794372648454,0.778876170655567,1.4795742794336486,0.3144119090462948,0.5264191068215279
Diet=SodiumHigh + Risk=High,Hypertension=Yes,0.30067070178308525,0.7250493096646944,1.4788876976911167,0.414690004907574,0.4902666448552266
Rx=Statin + Sex=Female,Cholesterol=High,0.08408310158678227,0.9194991055456172,1.4706692915228565,0.09144446262064453,0.6252249304760347
Risk=High + Rx=Statin,Cholesterol=High,0.14968100768853262,0.917753259779338,1.4678769432315786,0.1630950433502372,0.6252249304760347
BMI=Obese + Smoking=Never,Risk=High,0.15344348110584002,0.7720164609053498,1.4665433889106287,0.19875674791428105,0.5264191068215279
Risk=High + Sex=Female,Hypertension=Yes,0.2059545231473908,0.7177879133409351,1.4640765813323777,0.28692949451987565,0.4902666448552266
Risk=High + Smoking=Ever,Hypertension=Yes,0.2031735645345984,0.7175043327556325,1.4634981602052657,0.2831670211025683,0.4902666448552266
Activity=Active + Risk=High,Hypertension=Yes,0.12726975298544085,0.716390423572744,1.4612261125459405,0.17765417961720922,0.4902666448552266
BMI=Obese + Risk=High,Hypertension=Yes,0.20988058236545068,0.7127777777777777,1.4538573758944129,0.29445444135449045,0.4902666448552266
Hypertension=Yes + Rx=Statin,Cholesterol=High,0.1354490430230656,0.9088913282107575,1.4537029537813606,0.14902666448552265,0.6252249304760347
Rx=Statin + Smoking=Never,Cholesterol=High,0.08228365777850483,0.907942238267148,1.4521849561818618,0.09062653361688205,0.6252249304760347
Diet=SugarHigh + Risk=High,Hypertension=Yes,0.24488794372648454,0.7098150782361309,1.4478143387579139,0.3450024537870113,0.4902666448552266
Diet=SugarHigh + Rx=Statin,Cholesterol=High,0.09995092425977425,0.9051851851851852,1.4477752582514487,0.11042041550793391,0.6252249304760347
Diet=FiberLow + Risk=High,Hypertension=Yes,0.23131032226402748,0.7087719298245614,1.4456866222948093,0.3263536725012269,0.4902666448552266
Rx=Statin,Cholesterol=High,0.16767544577130705,0.9022887323943661,1.4431426010274098,0.18583346965483397,0.6252249304760347
Diet=SodiumHigh + Rx=Statin,Cholesterol=High,0.11876329134631114,0.901863354037267,1.4424622405101553,0.13168656960575822,0.6252249304760347
Rx=Antihypertensive + Rx=Statin,Cholesterol=High,0.12399803697039097,0.901307966706302,1.4415739404698127,0.13757565843284802,0.6252249304760347
Diabetes=No + Risk=High,Hypertension=Yes,0.1509896940945526,0.7067381316998469,1.4415382712983529,0.21364305578275805,0.4902666448552266
Alcohol=Regular + Rx=Statin,Cholesterol=High,0.11925404874856863,0.9011124845488258,1.4412612815402857,0.1323409128087682,0.6252249304760347
Rx=Statin + Smoking=Ever,Cholesterol=High,0.08539178799280223,0.8969072164948453,1.4345352732687047,0.09520693603795191,0.6252249304760347
Activity=SedentaryHigh + Diet=FiberLow,Risk=High,0.0955341076394569,0.7545219638242895,1.4333103681969799,0.12661540978243088,0.5264191068215279
Diet=FiberLow + Rx=Statin,Cholesterol=High,0.09324390642892197,0.8948194662480377,1.4311960746138812,0.10420415507933911,0.6252249304760347
Activity=SedentaryHigh + Risk=High,Hypertension=Yes,0.10911172910191395,0.6991614255765198,1.4260840155319539,0.15606085391787994,0.4902666448552266
Age=60+ + Rx=Statin,Cholesterol=High,0.11794536234254867,0.886838868388684,1.4184317117896454,0.13299525601177817,0.6252249304760347
Rx=Statin + Sex=Male,Cholesterol=High,0.08359234418452478,0.8856152512998268,1.416474628779655,0.09438900703418943,0.6252249304760347
Hypertension=Yes + Sex=Male,Risk=High,0.18223458203827908,0.7436582109479306,1.412673288851678,0.24505152952723702,0.5264191068215279
Diabetes=Prediabetes + Rx=Antihypertensive,Hypertension=Yes,0.09684279404547685,0.6875725900116145,1.4024461937741073,0.1408473744478979,0.4902666448552266
Activity=Active + Hypertension=Yes,Risk=High,0.12726975298544085,0.7374407582938388,1.4008624473120685,0.17258301979388188,0.5264191068215279
Diet=FiberLow + Smoking=Ever,Risk=High,0.17650907901194177,0.7325186693822131,1.3915123138388652,0.24096188450842468,0.5264191068215279
Sex=Female + Smoking=Ever,Risk=High,0.13168656960575822,0.7318181818181819,1.3901816486807166,0.17994438082774414,0.5264191068215279
BMI=Obese + Smoking=Ever,Hypertension=Yes,0.10060526746278423,0.6795580110497238,1.3860988059883088,0.14804514968100768,0.4902666448552266
Cholesterol=High + Diabetes=Prediabetes,Hypertension=Yes,0.09716996564698184,0.678082191780822,1.3830885680200748,0.14330116145918534,0.4902666448552266
Age=45-59 + Hypertension=Yes,Risk=High,0.09749713724848683,0.7268292682926828,1.3807045733602143,0.13414035661704565,0.5264191068215279
BMI=Overweight + Hypertension=Yes,Risk=High,0.12219859316211353,0.7266536964980544,1.3803710524215682,0.16816620317356454,0.5264191068215279
BMI=Overweight + Risk=High,Cholesterol=High,0.13724848683134305,0.857873210633947,1.3721033324451382,0.1599869131359398,0.6252249304760347
BMI=Obese + Diabetes=No,Risk=High,0.12481596597415344,0.7218543046357616,1.3712539975880704,0.17291019139538688,0.5264191068215279
Diabetes=Yes + Risk=High,Cholesterol=High,0.1351218714215606,0.855072463768116,1.3676237496113273,0.15802388352690985,0.6252249304760347
Cholesterol=High + Sex=Female,Risk=High,0.2367086536888598,0.7191848906560636,1.3661831064575876,0.3291346311140193,0.5264191068215279
Hypertension=Yes + Smoking=Never,Risk=High,0.18501554065107148,0.7185514612452351,1.3649798267843758,0.2574840503844266,0.5264191068215279
BMI=Obese + Rx=Antihypertensive,Hypertension=Yes,0.16767544577130705,0.6690600522193211,1.364686052458028,0.2506134467528219,0.4902666448552266
Age=45-59 + Risk=High,Cholesterol=High,0.10813021429739898,0.8529032258064516,1.3641542175182728,0.12677899558318337,0.6252249304760347
Cholesterol=High + Diet=SodiumHigh,Risk=High,0.338622607557664,0.7140393239047947,1.3564084484244903,0.4742352363814821,0.5264191068215279
Diabetes=Yes + Hypertension=Yes,Cholesterol=High,0.10845738589890397,0.846743295019157,1.3543018740063073,0.12808768198920334,0.6252249304760347
BMI=Obese + Sex=Male,Hypertension=Yes,0.09520693603795191,0.6583710407239819,1.3428836075894899,0.1446098478652053,0.4902666448552266
BMI=Obese + Cholesterol=High,Hypertension=Yes,0.17258301979388188,0.6581409856519026,1.3424143627928196,0.262228038606249,0.4902666448552266
Age=60+ + Diabetes=Yes,Cholesterol=High,0.08228365777850483,0.8369384359400998,1.338619743302415,0.09831506625224931,0.6252249304760347
Hypertension=No + Risk=High,Cholesterol=High,0.11565516113201374,0.8366863905325445,1.3382166157314088,0.138230001635858,0.6252249304760347
Activity=SedentaryHigh + Sex=Female,Risk=High,0.08539178799280223,0.7044534412955467,1.3381988460657788,0.12121707835759855,0.5264191068215279
Diabetes=Yes + Diet=SugarHigh,Cholesterol=High,0.08113855717323737,0.836424957841484,1.3377984739102542,0.09700637984622935,0.6252249304760347
Diabetes=Yes + Rx=Antihypertensive,Cholesterol=High,0.1079666284966465,0.8354430379746836,1.3362279673310415,0.1292327825944708,0.6252249304760347
Risk=High + Smoking=Never,Cholesterol=High,0.2031735645345984,0.8352387357094821,1.3359012013061393,0.2432520857189596,0.6252249304760347
Age=30-44 + Risk=High,Cholesterol=High,0.08244724357925733,0.8344370860927154,1.3346190233607456,0.09880582365450678,0.6252249304760347
Alcohol=Regular + Cholesterol=High,Risk=High,0.31882872566661213,0.7020893371757925,1.3337079298184025,0.45411418288892524,0.5264191068215279
Activity=SedentaryHigh + Alcohol=Regular,Risk=High,0.11827253394405365,0.7012609117361784,1.3321342304049901,0.16865696057582202,0.5264191068215279
Alcohol=Regular + Diabetes=Prediabetes,Hypertension=Yes,0.08670047439882218,0.6527093596059114,1.3313354405308429,0.13283167021102568,0.4902666448552266
Diet=SugarHigh + Risk=High,Cholesterol=High,0.2870930803206282,0.8321479374110954,1.3309577031381543,0.3450024537870113,0.6252249304760347
Cholesterol=High + Rx=Antihypertensive,Risk=High,0.31015867822672993,0.6993729251198819,1.3285477598688122,0.4434811058400131,0.5264191068215279
Alcohol=Regular + Diabetes=Yes,Cholesterol=High,0.0984786520530018,0.8292011019283746,1.326244462608099,0.11876329134631114,0.6252249304760347
Risk=High + Sex=Male,Cholesterol=High,0.19842957631277605,0.828551912568306,1.3252061333150325,0.23948961230165222,0.6252249304760347
Diabetes=Yes,Cholesterol=High,0.14313757565843285,0.8270321361058601,1.3227753657810368,0.17307377719613937,0.6252249304760347
Risk=High,Cholesterol=High,0.4351382300016359,0.8266003729024238,1.3220847931848554,0.5264191068215279,0.6252249304760347
Cholesterol=High,Risk=High,0.4351382300016359,0.695970695970696,1.3220847931848554,0.6252249304760347,0.5264191068215279
Risk=High + Sex=Female,Cholesterol=High,0.2367086536888598,0.8249714937286203,1.3194795241138295,0.28692949451987565,0.6252249304760347
Risk=High + Rx=Antihypertensive,Cholesterol=High,0.31015867822672993,0.8236316246741964,1.3173365048752912,0.3765745133322428,0.6252249304760347
Hypertension=Yes + Risk=High,Cholesterol=High,0.31948306886962213,0.8230088495575222,1.3163404231672249,0.3881891051856699,0.6252249304760347
Activity=SedentaryHigh + Diet=SodiumHigh,Risk=High,0.12399803697039097,0.6928702010968921,1.3161950091066816,0.1789628660232292,0.5264191068215279
Diabetes=Prediabetes,Hypertension=Yes,0.123016522165876,0.6438356164383561,1.3132356100392628,0.1910682152789138,0.4902666448552266
Alcohol=Regular + Risk=High,Cholesterol=High,0.31882872566661213,0.8206315789473684,1.3125381585832714,0.3885162767871749,0.6252249304760347
Activity=Active + Risk=High,Cholesterol=High,0.14575494847047277,0.8204419889502763,1.3122349237187438,0.17765417961720922,0.6252249304760347
Age=45-59 + Rx=Antihypertensive,Hypertension=Yes,0.09798789465074431,0.6427038626609441,1.310927164646764,0.15246196630132505,0.4902666448552266
Risk=High + Smoking=Ever,Cholesterol=High,0.23196466546703745,0.8191796649335643,1.3102159319044686,0.2831670211025683,0.6252249304760347
Diabetes=Prediabetes + Diet=SodiumHigh,Hypertension=Yes,0.09308032062816947,0.641488162344983,1.3084474929645915,0.1451006052674628,0.4902666448552266
Diabetes=Yes + Diet=SodiumHigh,Cholesterol=High,0.10371339767708163,0.8180645161290323,1.3084323357134418,0.12677899558318337,0.6252249304760347
Cholesterol=High + Diet=SugarHigh,Risk=High,0.2870930803206282,0.6887755102040817,1.3084166233305006,0.41681662031735645,0.5264191068215279
BMI=Obese + Risk=High,Cholesterol=High,0.24063471290691968,0.8172222222222222,1.307085150299436,0.29445444135449045,0.6252249304760347
Diet=SodiumHigh + Risk=High,Cholesterol=High,0.338622607557664,0.8165680473372781,1.3060388470363111,0.414690004907574,0.6252249304760347
Diabetes=Prediabetes + Risk=High,Cholesterol=High,0.12628823818092588,0.8160676532769555,1.3052385045740527,0.15475216751185997,0.6252249304760347
Age=60+ + Risk=High,Cholesterol=High,0.20742679535416325,0.8149100257069409,1.3033869668096625,0.2545395059708817,0.6252249304760347
Activity=SedentaryHigh,Risk=High,0.15606085391787994,0.685344827586207,1.3018996056664023,0.2277114346474726,0.5264191068215279
Diabetes=No + Risk=High,Cholesterol=High,0.17372812039914937,0.8131699846860644,1.300603902769731,0.21364305578275805,0.6252249304760347
Activity=SedentaryHigh + Diet=SugarHigh,Risk=High,0.10387698347783413,0.6798715203426124,1.2915023629131106,0.15278913790283002,0.5264191068215279
Age=60+ + BMI=Obese,Cholesterol=High,0.08375592998527728,0.8050314465408805,1.2875869264009427,0.10404056927858663,0.6252249304760347
Alcohol=Regular + BMI=Obese,Hypertension=Yes,0.15589726811712742,0.6311258278145695,1.2873113731833377,0.24701455913626696,0.4902666448552266
Diabetes=Prediabetes + Diet=SugarHigh,Hypertension=Yes,0.08146572877474235,0.6303797468354431,1.28578958705541,0.1292327825944708,0.4902666448552266
BMI=Obese + Diet=FiberLow,Hypertension=Yes,0.11925404874856863,0.6295336787564767,1.2840638566027167,0.18943235727138885,0.4902666448552266
Activity=SedentaryHigh + Rx=Antihypertensive,Risk=High,0.10616718468836905,0.6753381893860562,1.2828907245857555,0.1572059545231474,0.5264191068215279
BMI=Obese,Hypertension=Yes,0.2178962866023229,0.6283018867924528,1.281551362683438,0.34680189759528873,0.4902666448552266
BMI=Obese + Diet=SodiumHigh,Hypertension=Yes,0.1660395877637821,0.6277056277056278,1.280335169224058,0.2645182398167839,0.4902666448552266
Diet=FiberLow + Risk=High,Cholesterol=High,0.26108293800098153,0.8000000000000002,1.2795395081109369,0.3263536725012269,0.6252249304760347
Diet=SodiumHigh + Smoking=Ever,Risk=High,0.22198593162113528,0.6734491315136477,1.2793022190624388,0.32962538851627676,0.5264191068215279
Rx=Antihypertensive + Smoking=Ever,Risk=High,0.1999018485195485,0.6721672167216721,1.2768670589868183,0.29739898576803536,0.5264191068215279
Smoking=Ever,Risk=High,0.2831670211025683,0.671190383869717,1.2750114408314417,0.4218877801406838,0.5264191068215279
Cholesterol=High + Sex=Male,Risk=High,0.19842957631277605,0.6701657458563536,1.2730650106960502,0.29609029936201536,0.5264191068215279
Cholesterol=High + Rx=Antihypertensive,Hypertension=Yes,0.276787174873221,0.6241239395057174,1.27302957697646,0.4434811058400131,0.4902666448552266
Activity=SedentaryHigh + Risk=High,Cholesterol=High,0.12367086536888598,0.7924528301886792,1.2674683806759277,0.15606085391787994,0.6252249304760347
BMI=Obese + Hypertension=Yes,Cholesterol=High,0.17258301979388188,0.792042042042042,1.2668113560970704,0.2178962866023229,0.6252249304760347
Diabetes=Prediabetes + Hypertension=Yes,Cholesterol=High,0.09716996564698184,0.7898936170212766,1.263375112729216,0.123016522165876,0.6252249304760347
Age=45-59 + Cholesterol=High,Risk=High,0.10813021429739898,0.6603396603396604,1.2543991123854394,0.16374938655324717,0.5264191068215279
BMI=Obese + Diet=SugarHigh,Hypertension=Yes,0.1415017176509079,0.6126062322946176,1.2495368361751744,0.23098315066252248,0.4902666448552266
Alcohol=Regular + Smoking=Ever,Risk=High,0.24423360052347456,0.6574196389255834,1.2488521605817562,0.37150335350891545,0.5264191068215279
Cholesterol=High + Smoking=Ever,Hypertension=Yes,0.17340094879764437,0.6113033448673587,1.246879328386441,0.28365777850482576,0.4902666448552266
BMI=Obese + Hypertension=No,Risk=High,0.08457385898903975,0.6560913705583757,1.2463289459985551,0.1289056109929658,0.5264191068215279
BMI=Obese + Smoking=Ever,Cholesterol=High,0.11532798953050875,0.7790055248618785,1.2459604326218376,0.14804514968100768,0.6252249304760347
Activity=SedentaryHigh + Cholesterol=High,Hypertension=Yes,0.0891542614101096,0.6103023516237402,1.2448375960880627,0.14608212007197774,0.4902666448552266
Age=45-59 + Cholesterol=High,Hypertension=Yes,0.09946016685751677,0.6073926073926075,1.2389025722359057,0.16374938655324717,0.4902666448552266
BMI=Obese + Sex=Female,Hypertension=Yes,0.12268935056437101,0.6067961165048544,1.2376859059706957,0.20219204973008342,0.4902666448552266
Age=60+ + Sex=Female,Cholesterol=High,0.12219859316211353,0.7724922440537745,1.2355429324701004,0.15818746932766237,0.6252249304760347
Age=60+ + Hypertension=Yes,Cholesterol=High,0.18256175363978408,0.770718232044199,1.2327055344024564,0.2368722394896123,0.6252249304760347
Age=60+ + BMI=Overweight,Cholesterol=High,0.09079011941763455,0.7697642163661581,1.2311796584631933,0.11794536234254867,0.6252249304760347
Activity=Active + Cholesterol=High,Risk=High,0.14575494847047277,0.6475290697674418,1.2300637673984995,0.22509406183543268,0.5264191068215279
Diabetes=Prediabetes + Diet=SugarHigh,Cholesterol=High,0.09929658105676427,0.7683544303797468,1.2289248123787002,0.1292327825944708,0.6252249304760347
Diet=SugarHigh + Smoking=Ever,Risk=High,0.18616064125633894,0.64257481648786,1.2206525336203504,0.2897104531326681,0.5264191068215279
Rx=Antihypertensive + Smoking=Ever,Hypertension=Yes,0.17749059381645674,0.5968096809680967,1.2173165097624208,0.29739898576803536,0.4902666448552266
BMI=Obese + Diet=SugarHigh,Cholesterol=High,0.17569115000817928,0.7606232294617564,1.2165593411040598,0.23098315066252248,0.6252249304760347
Cholesterol=High + Diet=FiberLow,Hypertension=Yes,0.1969573041060036,0.5954500494559841,1.214543260702179,0.3307704891215443,0.4902666448552266
Age=60+ + Rx=Antihypertensive,Cholesterol=High,0.1691477179780795,0.7575091575091575,1.211578618485997,0.22329461802715525,0.6252249304760347
BMI=Obese + Sex=Female,Cholesterol=High,0.15311630950433502,0.7572815533980582,1.211214582920547,0.20219204973008342,0.6252249304760347
BMI=Obese,Cholesterol=High,0.262228038606249,0.7561320754716981,1.2093760798949478,0.34680189759528873,0.6252249304760347
Activity=SedentaryHigh + Hypertension=Yes,Cholesterol=High,0.0891542614101096,0.7558945908460472,1.2089962411935862,0.11794536234254867,0.6252249304760347
BMI=Obese + Sex=Male,Cholesterol=High,0.10911172910191395,0.754524886877828,1.2068055032663954,0.1446098478652053,0.6252249304760347
BMI=Obese + Diet=SodiumHigh,Cholesterol=High,0.19924750531653854,0.7532467532467533,1.2047612251693884,0.2645182398167839,0.6252249304760347
Cholesterol=High + Sex=Male,Hypertension=Yes,0.17487322100441682,0.5906077348066299,1.2046663606516277,0.29609029936201536,0.4902666448552266
BMI=Obese + Smoking=Never,Hypertension=Yes,0.11729101913953868,0.5901234567901233,1.2036785756950363,0.19875674791428105,0.4902666448552266
Alcohol=Regular + BMI=Obese,Cholesterol=High,0.18583346965483397,0.7523178807947021,1.2032755639188943,0.24701455913626696,0.6252249304760347
Hypertension=Yes + Sex=Female,Cholesterol=High,0.1840340258465565,0.7505003335557038,1.200368534543699,0.24521511532798954,0.6252249304760347
BMI=Obese + Rx=Antihypertensive,Cholesterol=High,0.1879600850646164,0.75,1.1995682888540031,0.2506134467528219,0.6252249304760347
Diabetes=Prediabetes,Cholesterol=High,0.14330116145918534,0.75,1.1995682888540031,0.1910682152789138,0.6252249304760347
Diabetes=No + Hypertension=Yes,Risk=High,0.1509896940945526,0.6313269493844049,1.199285780480692,0.23916244070014722,0.5264191068215279
BMI=Obese + Diet=FiberLow,Cholesterol=High,0.14182888925241288,0.7487046632124351,1.1974964956090046,0.18943235727138885,0.6252249304760347
Age=60+ + Smoking=Ever,Cholesterol=High,0.11287420251922133,0.7483731019522776,1.1969661884443414,0.1508261082938001,0.6252249304760347
Diet=FiberLow + Sex=Female,Risk=High,0.1941763454932112,0.6300424628450106,1.196845735043987,0.3081956486177,0.5264191068215279
Age=60+ + Diet=SugarHigh,Cholesterol=High,0.13724848683134305,0.7477718360071303,1.1960045090297193,0.18354326844429902,0.6252249304760347
Diabetes=Prediabetes + Rx=Antihypertensive,Cholesterol=High,0.10518566988385408,0.7468060394889664,1.194459790527486,0.1408473744478979,0.6252249304760347
Age=60+,Cholesterol=High,0.2247668902339277,0.7463335143943509,1.193704022368568,0.3011614591853427,0.6252249304760347
BMI=Overweight + Hypertension=Yes,Cholesterol=High,0.12547030917716342,0.7461089494163424,1.1933448476666932,0.16816620317356454,0.6252249304760347
Diabetes=Prediabetes + Diet=SodiumHigh,Cholesterol=High,0.10813021429739898,0.7452085682074407,1.1919047560052551,0.1451006052674628,0.6252249304760347
Hypertension=Yes + Smoking=Ever,Cholesterol=High,0.17340094879764437,0.7449051300070274,1.1914194295481315,0.23278259447079994,0.6252249304760347
Age=60+ + Diet=FiberLow,Cholesterol=High,0.123343693767381,0.7443237907206318,1.1904896213174312,0.1657124161622771,0.6252249304760347
Age=60+ + Smoking=Never,Cholesterol=High,0.11189268771470637,0.7442872687704026,1.190431207219642,0.15033535089154262,0.6252249304760347
Diet=FiberLow + Diet=SodiumHigh,Risk=High,0.23474562407982988,0.6266375545851528,1.1903776790488,0.37461148372321285,0.5264191068215279
Sex=Male + Smoking=Ever,Risk=High,0.15148045149681008,0.6260987153482083,1.189354085433063,0.24194339931293965,0.5264191068215279
BMI=Overweight + Smoking=Ever,Risk=High,0.09618845084246687,0.6248671625929861,1.1870145944471486,0.1539342385080975,0.5264191068215279
BMI=Overweight + Cholesterol=High,Risk=High,0.13724848683134305,0.6247207743857037,1.1867365114418293,0.21969573041060037,0.5264191068215279
Age=45-59 + Hypertension=Yes,Cholesterol=High,0.09946016685751677,0.7414634146341463,1.185914666054039,0.13414035661704565,0.6252249304760347
Age=60+ + Alcohol=Regular,Cholesterol=High,0.153770652707345,0.7395751376868607,1.182894509858655,0.20791755275642074,0.6252249304760347
BMI=Obese + Smoking=Never,Cholesterol=High,0.14690004907574022,0.7390946502057613,1.1821260064646308,0.19875674791428105,0.6252249304760347
Alcohol=Regular + Diabetes=Prediabetes,Cholesterol=High,0.09782430884999183,0.7364532019704434,1.177901209744982,0.13283167021102568,0.6252249304760347
Hypertension=Yes + Rx=Antihypertensive,Cholesterol=High,0.276787174873221,0.73501303214596,1.1755977670089623,0.3765745133322428,0.6252249304760347
Age=45-59,Hypertension=Yes,0.13414035661704565,0.5754385964912281,1.1737257725561818,0.23310976607230494,0.4902666448552266
Age=45-59 + Alcohol=Regular,Hypertension=Yes,0.1048584982823491,0.5754039497307002,1.1736551033379279,0.18223458203827908,0.4902666448552266
Age=60+ + Diet=SodiumHigh,Cholesterol=High,0.15818746932766237,0.7325757575757575,1.171699530628102,0.215933256993293,0.6252249304760347
Hypertension=Yes,Cholesterol=High,0.35890724685097336,0.7320653987320654,1.1708832502483297,0.4902666448552266,0.6252249304760347
Cholesterol=High,Hypertension=Yes,0.35890724685097336,0.5740450026164312,1.1708832502483295,0.6252249304760347,0.4902666448552266
Hypertension=Yes + Rx=Statin,Rx=Antihypertensive,0.12514313757565843,0.8397365532381997,1.1685202708730058,0.14902666448552265,0.7186324227057092
Diet=SugarHigh + Hypertension=Yes,Cholesterol=High,0.22934729265499754,0.7294484911550467,1.1666977044559919,0.3144119090462948,0.6252249304760347
BMI=Overweight + Cholesterol=High,Hypertension=Yes,0.12547030917716342,0.5711094564408041,1.1648955980055506,0.21969573041060037,0.4902666448552266
Activity=Active + BMI=Obese,Cholesterol=High,0.09716996564698184,0.7279411764705883,1.1642868685935914,0.13348601341403565,0.6252249304760347
Diet=SodiumHigh + Hypertension=Yes,Cholesterol=High,0.26582692622280385,0.7260947274352101,1.1613336129804916,0.3661050220840831,0.6252249304760347
Alcohol=Regular + Cholesterol=High,Hypertension=Yes,0.2584655651889416,0.569164265129683,1.1609279788914755,0.45411418288892524,0.4902666448552266
Diet=FiberLow + Hypertension=Yes,Cholesterol=High,0.1969573041060036,0.7253012048192771,1.1600644335584094,0.2715524292491412,0.6252249304760347
Age=45-59 + Diet=SodiumHigh,Hypertension=Yes,0.1017503680680517,0.5680365296803653,1.1586277297083996,0.17912645182398168,0.4902666448552266
Age=18-29 + Sex=Male,Rx=Antihypertensive,0.08506461639129724,0.8306709265175719,1.155905161348035,0.10240471127106167,0.7186324227057092
Diet=FiberLow,Risk=High,0.3263536725012269,0.6069364161849711,1.1529528626907173,0.53770652707345,0.5264191068215279
Hypertension=Yes + Smoking=Never,Cholesterol=High,0.18550629805332897,0.7204574332909784,1.1523171872600082,0.2574840503844266,0.6252249304760347
Alcohol=Regular + Hypertension=Yes,Cholesterol=High,0.2584655651889416,0.7175295186194368,1.1476342091367393,0.3602159332569933,0.6252249304760347
Age=60+ + Sex=Male,Cholesterol=High,0.10256829707181417,0.717391304347826,1.1474131458603507,0.14297398985768037,0.6252249304760347
Cholesterol=High + Diet=SodiumHigh,Hypertension=Yes,0.26582692622280385,0.5605381165919282,1.1433331687442299,0.4742352363814821,0.4902666448552266
Diet=FiberLow + Diet=SugarHigh,Risk=High,0.20530017994438082,0.6016299137104506,1.1428724867967632,0.34123998036970393,0.5264191068215279
Alcohol=Regular + Diet=FiberLow,Risk=High,0.23801734009487976,0.6009913258983891,1.1416594080847895,0.3960412236217896,0.5264191068215279
Hypertension=Yes + Sex=Male,Cholesterol=High,0.17487322100441682,0.7136181575433913,1.1413782828526298,0.24505152952723702,0.6252249304760347
Diabetes=Yes + Hypertension=Yes,Rx=Antihypertensive,0.10502208408310158,0.8199233716475095,1.1409495950105226,0.12808768198920334,0.7186324227057092
Cholesterol=High + Sex=Female,Hypertension=Yes,0.1840340258465565,0.5591451292246521,1.140491883533633,0.3291346311140193,0.4902666448552266
Diet=FiberLow + Rx=Antihypertensive,Risk=High,0.23212825126778996,0.5994930291508238,1.1388132029829041,0.38720759038115493,0.5264191068215279
Age=45-59 + Sex=Male,Cholesterol=High,0.0801570423687224,0.7101449275362319,1.1358231140839838,0.11287420251922133,0.6252249304760347
Sex=Male + Smoking=Ever,Hypertension=Yes,0.13446752821855062,0.5557809330628802,1.1336299111823112,0.24194339931293965,0.4902666448552266
Activity=SedentaryHigh + Rx=Antihypertensive,Hypertension=Yes,0.08719123180107967,0.554630593132154,1.131283555494447,0.1572059545231474,0.4902666448552266
Activity=Active + Smoking=Ever,Risk=High,0.10191395386880418,0.5950334288443171,1.1303416253963052,0.17127433338786194,0.5264191068215279
Cholesterol=High + Smoking=Never,Risk=High,0.2031735645345984,0.5948275862068966,1.1299506011444247,0.3415671519712089,0.5264191068215279
Activity=Active + Hypertension=Yes,Cholesterol=High,0.12170783575985604,0.7052132701421802,1.1279353009887878,0.17258301979388188,0.6252249304760347
Smoking=Ever,Hypertension=Yes,0.23278259447079994,0.5517642497091896,1.125437056547306,0.4218877801406838,0.4902666448552266
Age=60+ + Hypertension=Yes,Rx=Antihypertensive,0.19155897268117128,0.8087016574585636,1.1253342208158887,0.2368722394896123,0.7186324227057092
Age=45-59,Cholesterol=High,0.16374938655324717,0.7024561403508771,1.1235254803675856,0.23310976607230494,0.6252249304760347
Cholesterol=High + Diet=SugarHigh,Hypertension=Yes,0.22934729265499754,0.5502354788069074,1.1223188127950032,0.41681662031735645,0.4902666448552266
Age=45-59 + Diet=SodiumHigh,Cholesterol=High,0.12547030917716342,0.7004566210045662,1.1203274003665393,0.17912645182398168,0.6252249304760347
Age=45-59 + Diet=SugarHigh,Cholesterol=High,0.10894814330116145,0.6995798319327731,1.1189250425444903,0.15573368231637494,0.6252249304760347
Age=45-59 + Alcohol=Regular,Cholesterol=High,0.12710616718468837,0.6974865350089766,1.1155769723992344,0.18223458203827908,0.6252249304760347
BMI=Obese + Hypertension=No,Cholesterol=High,0.08964501881236708,0.6954314720812184,1.1122900546395835,0.1289056109929658,0.6252249304760347
Cholesterol=Normal + Sex=Male,Rx=Antihypertensive,0.1446098478652053,0.7992766726943943,1.1122190530800893,0.1809258956322591,0.7186324227057092
Age=45-59 + Diet=SodiumHigh,Risk=High,0.1048584982823491,0.5853881278538813,1.1120191502705954,0.17912645182398168,0.5264191068215279
Age=45-59 + Sex=Female,Cholesterol=High,0.08359234418452478,0.6952380952380952,1.111980763001171,0.1202355635530836,0.6252249304760347
Age=60+ + BMI=Obese,Rx=Antihypertensive,0.08277441518076231,0.7955974842767295,1.1070993447265303,0.10404056927858663,0.7186324227057092
Activity=Active + Sex=Male,Rx=Antihypertensive,0.1665303451660396,0.7897595034910784,1.0989756077489101,0.21086209716996565,0.7186324227057092
Diabetes=Prediabetes + Hypertension=Yes,Rx=Antihypertensive,0.09684279404547685,0.7872340425531915,1.0954613480827817,0.123016522165876,0.7186324227057092
BMI=Overweight + Smoking=Ever,Cholesterol=High,0.10534925568460658,0.6843783209351754,1.0946113751639788,0.1539342385080975,0.6252249304760347
Diet=FiberLow + Sex=Male,Risk=High,0.1321773270080157,0.5759087669280114,1.0940118993881085,0.22951087845575005,0.5264191068215279
Age=45-59 + Smoking=Never,Cholesterol=High,0.08490103059054474,0.683794466403162,1.093677543988103,0.12416162277114347,0.6252249304760347
Hypertension=Yes + Sex=Male,Rx=Antihypertensive,0.19254048748568625,0.7857142857142858,1.0933465578355177,0.24505152952723702,0.7186324227057092
Age=60+ + Rx=Statin,Rx=Antihypertensive,0.10436774088009161,0.7847478474784748,1.0920017281210828,0.13299525601177817,0.7186324227057092
Sex=Female + Smoking=Ever,Cholesterol=High,0.12285293636512351,0.6827272727272728,1.09197064839922,0.17994438082774414,0.6252249304760347
Age=45-59 + Rx=Antihypertensive,Cholesterol=High,0.10404056927858663,0.6824034334763949,1.0914526920045007,0.15246196630132505,0.6252249304760347
BMI=Overweight + Hypertension=Yes,Rx=Antihypertensive,0.13168656960575822,0.7830739299610895,1.0896724183592397,0.16816620317356454,0.7186324227057092
BMI=Obese + Diabetes=No,Cholesterol=High,0.11778177654179617,0.6811731315042573,1.0894849170291798,0.17291019139538688,0.6252249304760347
Sex=Male + Smoking=Never,Rx=Antihypertensive,0.1840340258465565,0.7828810020876826,1.0894039530530397,0.23507279568133485,0.7186324227057092
Risk=NotHigh + Sex=Male,Rx=Antihypertensive,0.18534271225257648,0.7803030303030303,1.0858166228641986,0.23752658269262228,0.7186324227057092
Age=30-44 + Cholesterol=High,Risk=High,0.08244724357925733,0.5714285714285715,1.0855011986149339,0.1442826762637003,0.5264191068215279
BMI=Normal + Sex=Male,Rx=Antihypertensive,0.1045313266808441,0.7764277035236938,1.080423981707339,0.1346311140193031,0.7186324227057092
Age=30-44 + Sex=Male,Rx=Antihypertensive,0.09193522002290201,0.7741046831955923,1.0771914246243242,0.11876329134631114,0.7186324227057092
Diet=FiberLow + Sex=Male,Rx=Antihypertensive,0.17749059381645674,0.7733428367783322,1.0761312909688014,0.22951087845575005,0.7186324227057092
Hypertension=Yes + Smoking=Never,Rx=Antihypertensive,0.19908391951578602,0.7731893265565438,1.0759176765855116,0.2574840503844266,0.7186324227057092
Smoking=Ever,Cholesterol=High,0.28365777850482576,0.6723536254362156,1.0753787839590754,0.4218877801406838,0.6252249304760347
Risk=High + Rx=Statin,Rx=Antihypertensive,0.1259610665794209,0.7723169508525577,1.0747037378924846,0.1630950433502372,0.7186324227057092
Cholesterol=High + Hypertension=Yes,Rx=Antihypertensive,0.276787174873221,0.7711941659070192,1.073141346731074,0.35890724685097336,0.7186324227057092
Diet=FiberLow + Hypertension=Yes,Rx=Antihypertensive,0.2093898249631932,0.7710843373493975,1.0729885167805298,0.2715524292491412,0.7186324227057092
Hypertension=Yes + Risk=High,Rx=Antihypertensive,0.2990348437755603,0.7703329119258322,1.0719428842710248,0.3881891051856699,0.7186324227057092
BMI=Obese + Hypertension=Yes,Rx=Antihypertensive,0.16767544577130705,0.7695195195195196,1.0708110227231558,0.2178962866023229,0.7186324227057092
Diet=SodiumHigh + Sex=Female,Risk=High,0.20742679535416325,0.5633051976899155,1.0700698177372445,0.36823163749386556,0.5264191068215279
Diet=SodiumHigh + Hypertension=Yes,Rx=Antihypertensive,0.28136757729429085,0.7685433422698839,1.0694526408595038,0.3661050220840831,0.7186324227057092
Age=18-29 + Diet=SodiumHigh,Rx=Antihypertensive,0.13332242761328317,0.7681432610744581,1.068895915080392,0.17356453459839685,0.7186324227057092
Hypertension=Yes,Rx=Antihypertensive,0.3765745133322428,0.7681014347681014,1.0688377124373787,0.4902666448552266,0.7186324227057092
BMI=Obese + Sex=Male,Rx=Antihypertensive,0.1110747587109439,0.7680995475113123,1.0688350862591969,0.1446098478652053,0.7186324227057092
Alcohol=Regular + Smoking=Ever,Cholesterol=High,0.24815965974153442,0.6679876706296785,1.0683957693770865,0.37150335350891545,0.6252249304760347
Age=18-29 + Cholesterol=Normal,Rx=Antihypertensive,0.092262391624407,0.7673469387755102,1.067787807132869,0.1202355635530836,0.7186324227057092
Rx=Antihypertensive + Smoking=Ever,Cholesterol=High,0.19826599051202357,0.6666666666666666,1.0662829234257805,0.29739898576803536,0.6252249304760347
Sex=Male,Rx=Antihypertensive,0.36545067888107313,0.7661179698216736,1.0660776575278603,0.4770161949942745,0.7186324227057092
Age=18-29 + Risk=NotHigh,Rx=Antihypertensive,0.12743333878619337,0.7659783677482793,1.0658833967778811,0.16636675936528708,0.7186324227057092
Activity=Active + Hypertension=Yes,Rx=Antihypertensive,0.1320137412072632,0.7649289099526067,1.0644230426907089,0.17258301979388188,0.7186324227057092
Age=18-29 + Smoking=Never,Rx=Antihypertensive,0.11549157533126124,0.7648970747562296,1.0643787429967748,0.1509896940945526,0.7186324227057092
Alcohol=Regular + Hypertension=Yes,Rx=Antihypertensive,0.275478488467201,0.7647593097184376,1.0641870385405894,0.3602159332569933,0.7186324227057092
Diabetes=Yes + Risk=High,Rx=Antihypertensive,0.12072632095534108,0.7639751552795032,1.0630958625594362,0.15802388352690985,0.7186324227057092
Sex=Male + Smoking=Ever,Cholesterol=High,0.16080484213970228,0.6646382691007438,1.0630386548960875,0.24194339931293965,0.6252249304760347
Age=18-29 + Hypertension=No,Rx=Antihypertensive,0.13708490103059054,0.7639015496809479,1.0629934380149406,0.17945362342548668,0.7186324227057092
Diet=SodiumHigh + Smoking=Ever,Cholesterol=High,0.2187142156060854,0.6635235732009926,1.0612557830920115,0.32962538851627676,0.6252249304760347
Hypertension=Yes + Smoking=Ever,Rx=Antihypertensive,0.17749059381645674,0.7624736472241743,1.0610064660781646,0.23278259447079994,0.7186324227057092
Age=60+ + Risk=High,Rx=Antihypertensive,0.1940127596924587,0.7622107969151672,1.060640701466519,0.2545395059708817,0.7186324227057092
Age=18-29 + Diet=FiberLow,Rx=Antihypertensive,0.09487976443644691,0.7621550591327201,1.0605631405595988,0.12448879437264845,0.7186324227057092
Diabetes=No + Sex=Male,Rx=Antihypertensive,0.23131032226402748,0.7614431879375336,1.0595725490239343,0.30377883199738265,0.7186324227057092
Diet=SodiumHigh + Sex=Male,Rx=Antihypertensive,0.3077048912154425,0.7612302711452853,1.059276268497867,0.40422051365941436,0.7186324227057092
Age=45-59 + Alcohol=Regular,Risk=High,0.1015867822672992,0.5574506283662477,1.0589483192053673,0.18223458203827908,0.5264191068215279
Alcohol=Regular + Sex=Male,Rx=Antihypertensive,0.2996891869785703,0.7601659751037345,1.057795266516988,0.39424177981351216,0.7186324227057092
Cholesterol=Normal + Hypertension=Yes,Rx=Antihypertensive,0.09978733845902175,0.7596513075965131,1.0570790902202332,0.13135939800425322,0.7186324227057092
BMI=Overweight + Sex=Male,Rx=Antihypertensive,0.14411909046294782,0.7594827586206897,1.0568445489297236,0.18975952887289382,0.7186324227057092
Rx=Antihypertensive + Sex=Female,Risk=High,0.1964665467037461,0.556276053728578,1.0567170653955242,0.353181743824636,0.5264191068215279
Age=18-29,Rx=Antihypertensive,0.16145918534271225,0.7592307692307693,1.0564938976343483,0.21266154097824308,0.7186324227057092
Diet=SugarHigh + Smoking=Ever,Cholesterol=High,0.19123180107966628,0.6600790513833992,1.0557465309018104,0.2897104531326681,0.6252249304760347
Diet=SugarHigh + Sex=Male,Rx=Antihypertensive,0.2574840503844266,0.7570947570947572,1.0535215684316528,0.3400948797644364,0.7186324227057092
Age=18-29 + Diabetes=No,Rx=Antihypertensive,0.1477179780795027,0.7569153394803018,1.0532719030828783,0.19515786029772617,0.7186324227057092
Diet=FiberLow + Smoking=Ever,Cholesterol=High,0.15867822672991985,0.6585200271554651,1.0532529895346305,0.24096188450842468,0.6252249304760347
Age=18-29 + Diet=SugarHigh,Rx=Antihypertensive,0.11647309013577621,0.7566418703506906,1.0528913620427434,0.1539342385080975,0.7186324227057092
Cholesterol=High + Diabetes=Yes,Rx=Antihypertensive,0.1079666284966465,0.7542857142857143,1.0496126955220968,0.14313757565843285,0.7186324227057092
Alcohol=Regular + Diabetes=Yes,Rx=Antihypertensive,0.0894814330116146,0.7534435261707989,1.0484407638247424,0.11876329134631114,0.7186324227057092
Age=60+ + Sex=Male,Rx=Antihypertensive,0.1076394568951415,0.7528604118993134,1.0476293416664018,0.14297398985768037,0.7186324227057092
Activity=Active + Diet=FiberLow,Risk=High,0.10600359888761655,0.5514893617021277,1.0476241355143276,0.19221331588418125,0.5264191068215279
Activity=Active + Cholesterol=Normal,Rx=Antihypertensive,0.11451006052674628,0.7526881720430108,1.047389664397661,0.15213479469982005,0.7186324227057092
Age=60+ + Cholesterol=High,Rx=Antihypertensive,0.1691477179780795,0.75254730713246,1.0471936463693894,0.2247668902339277,0.7186324227057092
Risk=High + Sex=Male,Rx=Antihypertensive,0.18010796662849665,0.7520491803278688,1.0465004869893608,0.23948961230165222,0.7186324227057092
Hypertension=Yes + Sex=Female,Rx=Antihypertensive,0.1840340258465565,0.7505003335557038,1.044345217169592,0.24521511532798954,0.7186324227057092
Sex=Male + Smoking=Ever,Rx=Antihypertensive,0.1814166530345166,0.7498309668695063,1.0434137720175944,0.24194339931293965,0.7186324227057092
Diet=SugarHigh + Hypertension=Yes,Rx=Antihypertensive,0.23556355308359234,0.7492195629552549,1.0425629839165658,0.3144119090462948,0.7186324227057092
BMI=Overweight + Cholesterol=Normal,Rx=Antihypertensive,0.09389824963193195,0.7483702737940027,1.041381170886123,0.12547030917716342,0.7186324227057092
Age=60+ + Diet=FiberLow,Rx=Antihypertensive,0.12399803697039097,0.7482724580454096,1.041245057143544,0.1657124161622771,0.7186324227057092
Age=30-44 + Risk=NotHigh,Rx=Antihypertensive,0.11532798953050875,0.7476139978791093,1.0403287887628034,0.15426141010960248,0.7186324227057092
BMI=Overweight + Smoking=Never,Rx=Antihypertensive,0.14281040405692785,0.7467921300256629,1.03918513335918,0.19123180107966628,0.7186324227057092
Diabetes=Yes,Rx=Antihypertensive,0.1292327825944708,0.7466918714555766,1.039045620352365,0.17307377719613937,0.7186324227057092
Age=60+ + Smoking=Ever,Rx=Antihypertensive,0.11254703091771634,0.7462039045553145,1.0383665988041515,0.1508261082938001,0.7186324227057092
BMI=Overweight + Sex=Male,Cholesterol=High,0.1231801079666285,0.6491379310344828,1.0382470362150167,0.18975952887289382,0.6252249304760347
Cholesterol=High + Sex=Male,Rx=Antihypertensive,0.22084083101586782,0.7458563535911602,1.0378829705219126,0.29609029936201536,0.7186324227057092
Hypertension=No + Sex=Male,Rx=Antihypertensive,0.17291019139538688,0.7454160789844853,1.037270314325554,0.23196466546703745,0.7186324227057092
Alcohol=Regular + Diabetes=Prediabetes,Rx=Antihypertensive,0.09896940945525928,0.7450738916256158,1.0367941496716115,0.13283167021102568,0.7186324227057092
Age=18-29 + Alcohol=Regular,Rx=Antihypertensive,0.10845738589890397,0.7449438202247189,1.036613151157229,0.14559136266972028,0.7186324227057092
Activity=SedentaryHigh + Alcohol=Regular,Cholesterol=High,0.10927531490266645,0.6479146459747818,1.036290484260555,0.16865696057582202,0.6252249304760347
Diabetes=Yes + Diet=SodiumHigh,Rx=Antihypertensive,0.09438900703418943,0.7445161290322581,1.0360180051842007,0.12677899558318337,0.7186324227057092
Cholesterol=Normal + Smoking=Never,Rx=Antihypertensive,0.17601832160968428,0.7441217150760719,1.0354691655497446,0.2365450678881073,0.7186324227057092
Age=60+,Rx=Antihypertensive,0.22329461802715525,0.7414448669201521,1.0317442457279513,0.3011614591853427,0.7186324227057092
Cholesterol=Normal + Diet=SodiumHigh,Rx=Antihypertensive,0.2210044168166203,0.7410861217772902,1.0312450403880207,0.2982169147717978,0.7186324227057092
Rx=Statin,Rx=Antihypertensive,0.13757565843284802,0.7403169014084506,1.0301746456430363,0.18583346965483397,0.7186324227057092
Activity=SedentaryHigh + Diet=SugarHigh,Cholesterol=High,0.09831506625224931,0.6434689507494648,1.0291799309082883,0.15278913790283002,0.6252249304760347
Age=30-44 + Smoking=Never,Rx=Antihypertensive,0.11287420251922133,0.7395498392282958,1.0291072540866315,0.15262555210207754,0.7186324227057092
Cholesterol=High + Rx=Statin,Rx=Antihypertensive,0.12399803697039097,0.7395121951219512,1.0290548711086929,0.16767544577130705,0.7186324227057092
Activity=SedentaryHigh + Hypertension=Yes,Rx=Antihypertensive,0.08719123180107967,0.739251040221914,1.0286914657128523,0.11794536234254867,0.7186324227057092
Cholesterol=Normal + Diet=FiberLow,Rx=Antihypertensive,0.15295272370358254,0.7391304347826088,1.0285236393867716,0.20693603795190577,0.7186324227057092
Age=30-44 + Cholesterol=Normal,Rx=Antihypertensive,0.08032062816947488,0.7383458646616541,1.0274318849707924,0.10878455750040897,0.7186324227057092
Age=60+ + BMI=Overweight,Rx=Antihypertensive,0.08702764600032717,0.7378640776699029,1.026761462962922,0.11794536234254867,0.7186324227057092
Activity=Active + Risk=NotHigh,Rx=Antihypertensive,0.14722722067724522,0.7377049180327869,1.0265399872375203,0.1995746769180435,0.7186324227057092
Activity=SedentaryHigh,Cholesterol=High,0.14608212007197774,0.6415229885057471,1.0260675114431272,0.2277114346474726,0.6252249304760347
Diabetes=Prediabetes,Rx=Antihypertensive,0.1408473744478979,0.7371575342465753,1.0257782851921955,0.1910682152789138,0.7186324227057092
Age=60+ + Smoking=Never,Rx=Antihypertensive,0.1107475871094389,0.7366702937976061,1.0251002745241897,0.15033535089154262,0.7186324227057092
Diabetes=No + Hypertension=Yes,Cholesterol=High,0.1532798953050875,0.6409028727770177,1.0250756832249894,0.23916244070014722,0.6252249304760347
Cholesterol=Normal + Risk=NotHigh,Rx=Antihypertensive,0.20873548176018322,0.7362954414310445,1.0245786554673288,0.2834941927040733,0.7186324227057092
BMI=Obese + Smoking=Never,Rx=Antihypertensive,0.14624570587273025,0.7358024691358025,1.0238926687519145,0.19875674791428105,0.7186324227057092
Age=60+ + Alcohol=Regular,Rx=Antihypertensive,0.15295272370358254,0.7356412273800158,1.0236682956917906,0.20791755275642074,0.7186324227057092
Alcohol=Regular + Rx=Statin,Rx=Antihypertensive,0.09733355144773434,0.7354758961681088,1.0234382320226836,0.1323409128087682,0.7186324227057092
Diabetes=Prediabetes + Diet=SodiumHigh,Rx=Antihypertensive,0.10665794209062654,0.7350620067643743,1.0228622916800865,0.1451006052674628,0.7186324227057092
Age=60+ + Diet=SodiumHigh,Rx=Antihypertensive,0.15867822672991985,0.7348484848484849,1.022565169105119,0.215933256993293,0.7186324227057092
Cholesterol=Normal + Diabetes=No,Rx=Antihypertensive,0.2182234582038279,0.7345814977973568,1.0221936480845077,0.29707181416653033,0.7186324227057092
Cholesterol=Normal,Rx=Antihypertensive,0.27515131686569605,0.7341772151898733,1.021631075906145,0.37477506952396533,0.7186324227057092
Cholesterol=High + Diabetes=Prediabetes,Rx=Antihypertensive,0.10518566988385408,0.7340182648401826,1.0214098914108891,0.14330116145918534,0.7186324227057092
Diet=FiberLow + Risk=NotHigh,Rx=Antihypertensive,0.15507933911336497,0.7337461300309598,1.0210312071202496,0.21135285457222314,0.7186324227057092
Activity=Active + Diet=SodiumHigh,Rx=Antihypertensive,0.2210044168166203,0.7326464208242949,1.0195009265875061,0.3016522165876002,0.7186324227057092
Diet=FiberLow + Smoking=Never,Rx=Antihypertensive,0.21740552920006542,0.7326350606394707,1.019485118526994,0.29674464256502536,0.7186324227057092
Activity=Active + Smoking=Never,Rx=Antihypertensive,0.1508261082938001,0.732327243844321,1.019056781611731,0.2059545231473908,0.7186324227057092
Diabetes=Prediabetes + Diet=SugarHigh,Rx=Antihypertensive,0.09455259283494193,0.7316455696202532,1.0181082101271586,0.1292327825944708,0.7186324227057092
BMI=Overweight,Cholesterol=High,0.21969573041060037,0.6364928909952607,1.01802225082523,0.34516603958776376,0.6252249304760347
Age=60+ + Sex=Female,Rx=Antihypertensive,0.11565516113201374,0.7311271975180972,1.017386878768069,0.15818746932766237,0.7186324227057092
Activity=Active + BMI=Overweight,Rx=Antihypertensive,0.09733355144773434,0.730958230958231,1.0171517563960086,0.13315884181253068,0.7186324227057092
Cholesterol=Normal + Diet=SugarHigh,Rx=Antihypertensive,0.1879600850646164,0.7309160305343512,1.0170930331564965,0.25715687878292165,0.7186324227057092
BMI=Overweight + Risk=NotHigh,Rx=Antihypertensive,0.1352854572223131,0.730565371024735,1.0166050792338277,0.185179126451824,0.7186324227057092
Diabetes=No + Hypertension=Yes,Rx=Antihypertensive,0.1747096352036643,0.7305061559507524,1.016522679564523,0.23916244070014722,0.7186324227057092
Age=45-59 + Hypertension=Yes,Rx=Antihypertensive,0.09798789465074431,0.7304878048780487,1.0164971434599388,0.13414035661704565,0.7186324227057092
Diabetes=Prediabetes + Risk=High,Rx=Antihypertensive,0.11303778831997383,0.7304439746300212,1.016436152267999,0.15475216751185997,0.7186324227057092
Risk=NotHigh + Smoking=Never,Rx=Antihypertensive,0.24456077212497956,0.7303370786516855,1.0162874030953228,0.3348601341403566,0.7186324227057092
Activity=SedentaryHigh + Diet=SodiumHigh,Cholesterol=High,0.11369213152298381,0.6352833638025595,1.0160877035387352,0.1789628660232292,0.6252249304760347
Activity=Active + BMI=Obese,Rx=Antihypertensive,0.09733355144773434,0.7291666666666667,1.0146587373852343,0.13348601341403565,0.7186324227057092
Diet=FiberLow + Sex=Female,Cholesterol=High,0.19548503189923114,0.6342887473460721,1.0144968897243691,0.3081956486177,0.6252249304760347
Smoking=Never,Rx=Antihypertensive,0.4212334369376738,0.7286361063950199,1.0139204457984876,0.5781122198593162,0.7186324227057092
Activity=Active,Rx=Antihypertensive,0.2748241452641911,0.7285342584562012,1.0137787211342495,0.37722885653525273,0.7186324227057092
Diet=SodiumHigh + Rx=Statin,Rx=Antihypertensive,0.09586127924096188,0.7279503105590062,1.0129661389590723,0.13168656960575822,0.7186324227057092
BMI=Overweight + Diet=SodiumHigh,Rx=Antihypertensive,0.19532144609847865,0.7267194157029824,1.0112533093995746,0.26877147063634876,0.7186324227057092
Diet=SodiumHigh + Risk=NotHigh,Rx=Antihypertensive,0.2599378373957141,0.7265660722450847,1.0110399270735724,0.35776214624570585,0.7186324227057092
Age=45-59 + Diabetes=No,Cholesterol=High,0.08228365777850483,0.6319095477386935,1.0106915398552154,0.13021429739898577,0.6252249304760347
Risk=High + Smoking=Never,Rx=Antihypertensive,0.17667266481269425,0.7262945527908541,1.010662099069085,0.2432520857189596,0.7186324227057092
Alcohol=Regular + Cholesterol=Normal,Rx=Antihypertensive,0.20251922133158842,0.7256740914419695,1.0097987072580832,0.27907737608375593,0.7186324227057092
BMI=Overweight + Diet=FiberLow,Rx=Antihypertensive,0.14019303124488794,0.7256562235393734,1.009773843500157,0.19319483068869622,0.7186324227057092
Diet=SugarHigh + Risk=NotHigh,Rx=Antihypertensive,0.23867168329788974,0.7255096966683242,1.009569946672767,0.3289710453132668,0.7186324227057092
BMI=Overweight,Rx=Antihypertensive,0.25028627515131685,0.7251184834123223,1.0090255609149843,0.34516603958776376,0.7186324227057092
Alcohol=Regular + Sex=Male,Cholesterol=High,0.2486504171437919,0.6307053941908713,1.0087655873073775,0.39424177981351216,0.6252249304760347
BMI=Obese + Diet=SodiumHigh,Rx=Antihypertensive,0.19172255848192377,0.7247990105132962,1.0085810041583838,0.2645182398167839,0.7186324227057092
Rx=Antihypertensive + Sex=Female,Cholesterol=High,0.22264027482414525,0.6303844372394627,1.0082522409327146,0.353181743824636,0.6252249304760347
Activity=Active + Alcohol=Regular,Rx=Antihypertensive,0.21037133976770817,0.7245070422535211,1.0081747209869736,0.2903647963356781,0.7186324227057092
Alcohol=Regular + BMI=Obese,Rx=Antihypertensive,0.1789628660232292,0.7245033112582782,1.0081695291877657,0.24701455913626696,0.7186324227057092
Diabetes=No + Risk=NotHigh,Rx=Antihypertensive,0.3057418616064126,0.7241379310344829,1.0076610909205084,0.42221495174218876,0.7186324227057092
Activity=Active + Smoking=Ever,Rx=Antihypertensive,0.12399803697039097,0.7239732569245463,1.0074319416298092,0.17127433338786194,0.7186324227057092
Diet=SodiumHigh + Smoking=Never,Rx=Antihypertensive,0.3204645836741371,0.7236793498337644,1.0070229605130439,0.4428267626370031,0.7186324227057092
Alcohol=Regular + BMI=Overweight,Cholesterol=High,0.16751185997055457,0.629379225568531,1.0066444808740005,0.2661540978243089,0.6252249304760347
Sex=Female,Cholesterol=High,0.3291346311140193,0.6293400062558648,1.006581752548954,0.5229838050057255,0.6252249304760347
BMI=Obese + Diet=FiberLow,Rx=Antihypertensive,0.13692131522983805,0.7227979274611399,1.0057964330912699,0.18943235727138885,0.7186324227057092
BMI=Obese,Rx=Antihypertensive,0.2506134467528219,0.7226415094339623,1.0055787724037815,0.34680189759528873,0.7186324227057092
Risk=NotHigh,Rx=Antihypertensive,0.34205790937346636,0.7222797927461139,1.005075432063964,0.47358089317847213,0.7186324227057092
BMI=Overweight + Diet=SugarHigh,Rx=Antihypertensive,0.17029281858334697,0.7219140083217753,1.0045664313387235,0.23589072468509734,0.7186324227057092
Diet=FiberLow + Diet=SodiumHigh,Rx=Antihypertensive,0.27040732864387373,0.7218340611353712,1.0044551822719152,0.37461148372321285,0.7186324227057092
Activity=Active + Diet=FiberLow,Rx=Antihypertensive,0.13872075903811548,0.7217021276595744,1.0042715926207555,0.19221331588418125,0.7186324227057092
BMI=Normal + Cholesterol=Normal,Rx=Antihypertensive,0.11025682970718141,0.721627408993576,1.004167619207314,0.15278913790283002,0.7186324227057092
Activity=SedentaryHigh + Rx=Antihypertensive,Cholesterol=High,0.0986422378537543,0.627471383975026,1.0035930325063669,0.1572059545231474,0.6252249304760347
Diet=SugarHigh + Smoking=Never,Rx=Antihypertensive,0.2769507606739735,0.720732226479353,1.002921944108419,0.38426304596761,0.7186324227057092
Cholesterol=Normal + Hypertension=No,Rx=Antihypertensive,0.1753639784066743,0.7204301075268817,1.0025015359234755,0.24341567151971208,0.7186324227057092
Alcohol=Regular + BMI=Overweight,Rx=Antihypertensive,0.19172255848192377,0.7203441917639827,1.0023819813915835,0.2661540978243089,0.7186324227057092
Diabetes=No + Smoking=Never,Rx=Antihypertensive,0.2792409618845084,0.7202531645569621,1.0022553141217185,0.3876983477834124,0.7186324227057092
Diet=SodiumHigh,Rx=Antihypertensive,0.5563553083592344,0.7202456586192291,1.002244869369303,0.7724521511532799,0.7186324227057092
Diet=FiberLow,Rx=Antihypertensive,0.38720759038115493,0.7201095223608154,1.0020554314117152,0.53770652707345,0.7186324227057092
Age=30-44 + Diet=SodiumHigh,Rx=Antihypertensive,0.14673646327498774,0.7199036918138042,1.0017690116225324,0.20382790773760837,0.7186324227057092
Activity=Active + Diet=SugarHigh,Rx=Antihypertensive,0.1882872566661214,0.7198248905565979,1.001659357152853,0.261573695403239,0.7186324227057092
Alcohol=Regular + Smoking=Never,Rx=Antihypertensive,0.26010142319646656,0.7191316146540028,1.0006946415615567,0.36168820546376573,0.7186324227057092
BMI=Overweight + Risk=High,Rx=Antihypertensive,0.11500081792900377,0.7188139059304705,1.000252539711579,0.1599869131359398,0.7186324227057092
Activity=Active + Risk=High,Rx=Antihypertensive,0.12759692458694585,0.7182320441988951,0.9994428605025827,0.17765417961720922,0.7186324227057092
BMI=Overweight + Rx=Antihypertensive,Cholesterol=High,0.1563880255193849,0.6248366013071895,0.9993788968578885,0.25028627515131685,0.6252249304760347
Activity=Active + Diabetes=No,Rx=Antihypertensive,0.1812530672337641,0.7180816591056384,0.9992335948355947,0.2524128905610993,0.7186324227057092
Cholesterol=High + Smoking=Never,Rx=Antihypertensive,0.24521511532798954,0.717911877394636,0.9989973381546574,0.3415671519712089,0.7186324227057092
BMI=Obese + Risk=High,Rx=Antihypertensive,0.21135285457222314,0.7177777777777777,0.9988107342489313,0.29445444135449045,0.7186324227057092
Cholesterol=Normal + Smoking=Ever,Rx=Antihypertensive,0.09913299525601178,0.7171597633136095,0.9979507473562702,0.138230001635858,0.7186324227057092
Age=30-44,Rx=Antihypertensive,0.1814166530345166,0.7168713639301875,0.9975494303904475,0.2530672337641093,0.7186324227057092
Activity=Active + Smoking=Ever,Cholesterol=High,0.10682152789137903,0.6236867239732569,0.9975397550100783,0.17127433338786194,0.6252249304760347
BMI=Obese + Cholesterol=High,Rx=Antihypertensive,0.1879600850646164,0.7167810355583281,0.99742373557206,0.262228038606249,0.7186324227057092
Age=60+ + Diet=SugarHigh,Rx=Antihypertensive,0.13152298380500574,0.716577540106952,0.9971405651431362,0.18354326844429902,0.7186324227057092
Alcohol=Regular + Diet=SodiumHigh,Rx=Antihypertensive,0.4171437919188614,0.7162921348314606,0.9967434145742587,0.5823654506788811,0.7186324227057092
Age=45-59 + Sex=Male,Rx=Antihypertensive,0.08081138557173237,0.7159420289855073,0.9962562310922846,0.11287420251922133,0.7186324227057092
Age=30-44 + Alcohol=Regular,Rx=Antihypertensive,0.1413381318501554,0.7158243579121789,0.9960924880303095,0.19744806150826108,0.7186324227057092
Diet=SodiumHigh + Smoking=Ever,Rx=Antihypertensive,0.23589072468509734,0.7156327543424318,0.995825865535007,0.32962538851627676,0.7186324227057092
Diet=SugarHigh + Sex=Male,Cholesterol=High,0.2116800261737281,0.6224146224146224,0.9955051247568255,0.3400948797644364,0.6252249304760347
Risk=High,Rx=Antihypertensive,0.3765745133322428,0.7153511497824736,0.995434003783351,0.5264191068215279,0.7186324227057092
Diet=SodiumHigh + Risk=High,Rx=Antihypertensive,0.2964174709635204,0.714792899408284,0.9946571805333122,0.414690004907574,0.7186324227057092
BMI=Overweight + Sex=Female,Cholesterol=High,0.09651562244397187,0.6210526315789474,0.9933267234019114,0.15540651071486994,0.6252249304760347
Diet=SodiumHigh + Diet=SugarHigh,Rx=Antihypertensive,0.4068378864714543,0.7138346727898967,0.9933237775471518,0.5699329298216915,0.7186324227057092
Activity=SedentaryHigh + Smoking=Never,Rx=Antihypertensive,0.09504335023719941,0.7137592137592137,0.9932187738925731,0.13315884181253068,0.7186324227057092
Sex=Male,Cholesterol=High,0.29609029936201536,0.620713305898491,0.9927839976340858,0.4770161949942745,0.6252249304760347
Alcohol=Regular + Risk=High,Rx=Antihypertensive,0.277114346474726,0.7132631578947368,0.9925284962919477,0.3885162767871749,0.7186324227057092
BMI=Overweight + Diabetes=No,Rx=Antihypertensive,0.15851464092916734,0.7130242825607064,0.9921960936247662,0.22231310322264028,0.7186324227057092
Alcohol=Regular + Diet=FiberLow,Rx=Antihypertensive,0.2823490920988058,0.7129285419248245,0.9920628674678925,0.3960412236217896,0.7186324227057092
BMI=Normal + Diet=FiberLow,Rx=Antihypertensive,0.10191395386880418,0.7128146453089244,0.9919043766841462,0.14297398985768037,0.7186324227057092
Cholesterol=High + Risk=High,Rx=Antihypertensive,0.31015867822672993,0.7127819548872181,0.991858886916814,0.4351382300016359,0.7186324227057092
BMI=Overweight + Diet=SugarHigh,Cholesterol=High,0.14624570587273025,0.6199722607489598,0.9915987519514369,0.23589072468509734,0.6252249304760347
Age=30-44 + Diabetes=No,Rx=Antihypertensive,0.14019303124488794,0.71238570241064,0.9913074889224317,0.1967937183052511,0.7186324227057092
Activity=Active + Cholesterol=High,Rx=Antihypertensive,0.1603140847374448,0.7122093023255814,0.9910620225623217,0.22509406183543268,0.7186324227057092
BMI=Overweight + Diet=SodiumHigh,Cholesterol=High,0.1665303451660396,0.6195982958003652,0.9910006232934674,0.26877147063634876,0.6252249304760347
Diet=SodiumHigh + Sex=Male,Cholesterol=High,0.25044986095206934,0.6195872116552003,0.9909828950414022,0.40422051365941436,0.6252249304760347
Hypertension=No + Risk=NotHigh,Rx=Antihypertensive,0.2645182398167839,0.7120211360634081,0.9908001831904425,0.37150335350891545,0.7186324227057092
Alcohol=Regular,Rx=Antihypertensive,0.5220022902012106,0.711958946898706,0.9907136449787821,0.7331915589726812,0.7186324227057092
Alcohol=Regular,Cholesterol=High,0.45411418288892524,0.6193663543061133,0.9906296504116354,0.7331915589726812,0.6252249304760347
BMI=Overweight + Cholesterol=High,Rx=Antihypertensive,0.1563880255193849,0.7118391660461653,0.9905469660915566,0.21969573041060037,0.7186324227057092
Diet=FiberLow + Risk=High,Rx=Antihypertensive,0.23212825126778996,0.7112781954887218,0.9897663576195211,0.3263536725012269,0.7186324227057092
Age=30-44 + Hypertension=No,Rx=Antihypertensive,0.11876329134631114,0.7110675808031341,0.9894732805484997,0.16702110256829708,0.7186324227057092
Diet=SugarHigh,Cholesterol=High,0.41681662031735645,0.6184466019417475,0.9891585760517798,0.6739734991002782,0.6252249304760347
Alcohol=Regular + Risk=NotHigh,Rx=Antihypertensive,0.24488794372648454,0.7104888467014713,0.9886679535365568,0.3446752821855063,0.7186324227057092
BMI=Normal + Risk=NotHigh,Rx=Antihypertensive,0.1568787829216424,0.7103703703703703,0.9885030899326369,0.22084083101586782,0.7186324227057092
BMI=Normal + Diet=SodiumHigh,Rx=Antihypertensive,0.15851464092916734,0.7098901098901098,0.9878347921143276,0.22329461802715525,0.7186324227057092
Diabetes=No + Diet=SodiumHigh,Rx=Antihypertensive,0.35530835923441845,0.7098039215686275,0.9877148583084497,0.5005725503026337,0.7186324227057092
BMI=Normal + Diabetes=No,Rx=Antihypertensive,0.15867822672991985,0.709583028529627,0.9874074785799247,0.22362178962866022,0.7186324227057092
Rx=Antihypertensive,Cholesterol=High,0.4434811058400131,0.617118142499431,0.987033805625071,0.7186324227057092,0.6252249304760347
Cholesterol=High,Rx=Antihypertensive,0.4434811058400131,0.7093144950287807,0.9870338056250709,0.6252249304760347,0.7186324227057092
Cholesterol=High + Diet=FiberLow,Rx=Antihypertensive,0.2342548666775724,0.7082096933728981,0.9854964387863706,0.3307704891215443,0.7186324227057092
Diet=SugarHigh,Rx=Antihypertensive,0.4770161949942745,0.7077669902912621,0.9848804032894344,0.6739734991002782,0.7186324227057092
Age=30-44 + Diet=FiberLow,Rx=Antihypertensive,0.09308032062816947,0.7077114427860696,0.9848031071593998,0.13152298380500574,0.7186324227057092
Cholesterol=High + Diet=SodiumHigh,Rx=Antihypertensive,0.3353508915426141,0.707140393239048,0.984008473451013,0.4742352363814821,0.7186324227057092
Diet=FiberLow,Cholesterol=High,0.3307704891215443,0.6151505932461211,0.9838868593703659,0.53770652707345,0.6252249304760347
BMI=Normal,Rx=Antihypertensive,0.20366432193685588,0.7069846678023849,0.9837917765253764,0.28807459512514316,0.7186324227057092
Diet=SugarHigh + Sex=Female,Cholesterol=High,0.20513659414362834,0.6144047035766781,0.9826938652444357,0.3338786193358417,0.6252249304760347
Risk=High + Smoking=Ever,Rx=Antihypertensive,0.1999018485195485,0.7059503177354131,0.9823524453258775,0.2831670211025683,0.7186324227057092
Diet=SodiumHigh,Cholesterol=High,0.4742352363814821,0.6139347734011011,0.9819422474623054,0.7724521511532799,0.6252249304760347
BMI=Overweight + Diet=FiberLow,Cholesterol=High,0.11859970554555864,0.6138865368331922,0.9818650967193364,0.19319483068869622,0.6252249304760347
Diabetes=No,Rx=Antihypertensive,0.44855226566334044,0.7054283509133008,0.9816261117990002,0.6358580075249468,0.7186324227057092
Age=30-44 + Diet=SugarHigh,Rx=Antihypertensive,0.12743333878619337,0.7049773755656109,0.9809985651792805,0.18076230983150662,0.7186324227057092
Alcohol=Regular + Smoking=Ever,Rx=Antihypertensive,0.26190086700474396,0.7049757815940113,0.9809963471168202,0.37150335350891545,0.7186324227057092
BMI=Obese + Smoking=Ever,Rx=Antihypertensive,0.10436774088009161,0.7049723756906078,0.9809916076933042,0.14804514968100768,0.7186324227057092
Smoking=Ever,Rx=Antihypertensive,0.29739898576803536,0.7049243892981777,0.9809248330935033,0.4218877801406838,0.7186324227057092
Diet=FiberLow + Smoking=Ever,Rx=Antihypertensive,0.16980206118108948,0.7046843177189409,0.9805907658128581,0.24096188450842468,0.7186324227057092
BMI=Obese + Diet=SugarHigh,Rx=Antihypertensive,0.1626042859479797,0.7039660056657224,0.9795912116172458,0.23098315066252248,0.7186324227057092
Diabetes=No + Diet=FiberLow,Rx=Antihypertensive,0.24128905610992965,0.7037213740458015,0.9792507988941462,0.34287583837722885,0.7186324227057092
Alcohol=Regular + Cholesterol=High,Rx=Antihypertensive,0.31948306886962213,0.7035302593659942,0.978984856704831,0.45411418288892524,0.7186324227057092
Alcohol=Regular + Rx=Antihypertensive,Cholesterol=High,0.31948306886962213,0.6120338451895957,0.9789018565264256,0.5220022902012106,0.6252249304760347
Diet=FiberLow + Diet=SugarHigh,Rx=Antihypertensive,0.2399803697039097,0.7032598274209012,0.9786085420040904,0.34123998036970393,0.7186324227057092
Alcohol=Regular + Diet=SugarHigh,Rx=Antihypertensive,0.35579911663667596,0.7032007759456839,0.9785263699876998,0.5059708817274661,0.7186324227057092
Risk=NotHigh + Smoking=Ever,Rx=Antihypertensive,0.09749713724848683,0.7028301886792453,0.9780106859540693,0.13872075903811548,0.7186324227057092
Alcohol=Regular + Diet=SodiumHigh,Cholesterol=High,0.35579911663667596,0.6109550561797753,0.9771764150776993,0.5823654506788811,0.6252249304760347
Cholesterol=High + Risk=NotHigh,Rx=Antihypertensive,0.13332242761328317,0.7013769363166954,0.9759884388126472,0.19008670047439882,0.7186324227057092
BMI=Normal + Diet=SugarHigh,Rx=Antihypertensive,0.1357762146245706,0.7010135135135136,0.9754827243587773,0.1936855880909537,0.7186324227057092
Age=30-44 + Cholesterol=High,Rx=Antihypertensive,0.10109602486504171,0.7006802721088435,0.9750190082862191,0.1442826762637003,0.7186324227057092
Alcohol=Regular + Diet=SugarHigh,Cholesterol=High,0.3083592344184525,0.6094406724862593,0.9747542728698334,0.5059708817274661,0.6252249304760347
BMI=Normal + Smoking=Never,Rx=Antihypertensive,0.12399803697039097,0.6999076638965835,0.9739438992487628,0.17716342221495174,0.7186324227057092
Cholesterol=High + Smoking=Ever,Rx=Antihypertensive,0.19826599051202357,0.698961937716263,0.9726278910219703,0.28365777850482576,0.7186324227057092
Diet=SodiumHigh + Sex=Female,Cholesterol=High,0.22378537542941274,0.6077298978231896,0.9720180181562423,0.36823163749386556,0.6252249304760347
Activity=SedentaryHigh + Diet=SodiumHigh,Rx=Antihypertensive,0.12497955177490594,0.6983546617915904,0.9717828471504649,0.1789628660232292,0.7186324227057092
Diabetes=No + Diet=SugarHigh,Rx=Antihypertensive,0.31261246523801733,0.6982097186700768,0.9715811541612063,0.44773433665957796,0.7186324227057092
BMI=Overweight + Smoking=Ever,Rx=Antihypertensive,0.10747587109438901,0.6981934112646121,0.9715584618849473,0.1539342385080975,0.7186324227057092
Diet=FiberLow + Diet=SugarHigh,Cholesterol=High,0.20726320955341077,0.6073825503355704,0.9714624621144275,0.34123998036970393,0.6252249304760347
Activity=Active + Hypertension=No,Rx=Antihypertensive,0.14281040405692785,0.697841726618705,0.9710690814523433,0.20464583674137085,0.7186324227057092
Activity=Active + BMI=Overweight,Cholesterol=High,0.08081138557173237,0.6068796068796068,0.9706580420866134,0.13315884181253068,0.6252249304760347
Diet=SodiumHigh + Diet=SugarHigh,Cholesterol=High,0.3456567969900213,0.6064867967853043,0.9700297720430573,0.5699329298216915,0.6252249304760347
Alcohol=Regular + Sex=Female,Cholesterol=High,0.2054637657451333,0.6061776061776062,0.9695352450454492,0.33894977915916896,0.6252249304760347
Diet=SugarHigh + Rx=Antihypertensive,Cholesterol=High,0.2890561099296581,0.6059670781893004,0.9691985214471986,0.4770161949942745,0.6252249304760347
Diet=FiberLow + Rx=Antihypertensive,Cholesterol=High,0.2342548666775724,0.6049852133502324,0.967628102880683,0.38720759038115493,0.6252249304760347
Rx=Antihypertensive + Sex=Male,Cholesterol=High,0.22084083101586782,0.604297224709042,0.9665277170712647,0.36545067888107313,0.6252249304760347
Cholesterol=High + Diet=SugarHigh,Rx=Antihypertensive,0.2890561099296581,0.6934850863422292,0.9650066771705091,0.41681662031735645,0.7186324227057092
Hypertension=No + Smoking=Never,Rx=Antihypertensive,0.2221495174218878,0.6928571428571428,0.9641328737276836,0.3206281694748896,0.7186324227057092
Diet=SodiumHigh + Rx=Antihypertensive,Cholesterol=High,0.3353508915426141,0.6027638929726551,0.9640752689015805,0.5563553083592344,0.6252249304760347
Alcohol=Regular + Diabetes=No,Rx=Antihypertensive,0.33355144773433665,0.6925951086956522,0.9637682448114095,0.48159659741534433,0.7186324227057092
Sex=Female + Smoking=Never,Rx=Antihypertensive,0.23719941109111728,0.6914639961850262,0.9621942655768416,0.34303942417798133,0.7186324227057092
Alcohol=Regular + Diet=FiberLow,Cholesterol=High,0.23818092589563225,0.6014043783560512,0.9619008280718317,0.3960412236217896,0.6252249304760347
Sex=Female + Smoking=Never,Cholesterol=High,0.2062816947488958,0.6013352408202194,0.961790247811094,0.34303942417798133,0.6252249304760347
Diet=SugarHigh + Risk=High,Rx=Antihypertensive,0.23834451169638476,0.6908487434803224,0.9613381217608038,0.3450024537870113,0.7186324227057092
Diet=SugarHigh + Smoking=Ever,Rx=Antihypertensive,0.200065434320301,0.6905702992659515,0.9609506577311089,0.2897104531326681,0.7186324227057092
BMI=Normal + Cholesterol=High,Rx=Antihypertensive,0.09340749222967447,0.6904474002418379,0.9607796398084123,0.1352854572223131,0.7186324227057092
Activity=SedentaryHigh,Rx=Antihypertensive,0.1572059545231474,0.6903735632183908,0.9606768932287784,0.2277114346474726,0.7186324227057092
Diabetes=No + Hypertension=No,Rx=Antihypertensive,0.2738426304596761,0.6903092783505155,0.9605874387791261,0.3966955668247996,0.7186324227057092
BMI=Obese + Sex=Female,Rx=Antihypertensive,0.13953868804187797,0.6901294498381877,0.9603372016528207,0.20219204973008342,0.7186324227057092
BMI=Normal + Hypertension=No,Rx=Antihypertensive,0.13135939800425322,0.6898625429553263,0.9599657921889164,0.19041387207590382,0.7186324227057092
BMI=Obese + Diabetes=No,Rx=Antihypertensive,0.11925404874856863,0.6896877956480606,0.9597226257219655,0.17291019139538688,0.7186324227057092
Alcohol=Regular + BMI=Normal,Rx=Antihypertensive,0.14297398985768037,0.6887312844759653,0.9583916098341853,0.20759038115491577,0.7186324227057092
BMI=Overweight + Smoking=Never,Cholesterol=High,0.11434647472599378,0.5979469632164243,0.9563709539879648,0.19123180107966628,0.6252249304760347
Activity=Active + Sex=Female,Cholesterol=High,0.09929658105676427,0.5968534906588004,0.9546220273148214,0.16636675936528708,0.6252249304760347
Activity=Active,Cholesterol=High,0.22509406183543268,0.5967042497831744,0.9543833278190855,0.37722885653525273,0.6252249304760347
Activity=Active + Sex=Male,Cholesterol=High,0.12579748077866842,0.5965865011636928,0.9541949978057703,0.21086209716996565,0.6252249304760347
Diet=FiberLow + Diet=SodiumHigh,Cholesterol=High,0.22329461802715525,0.5960698689956332,0.9533686837180287,0.37461148372321285,0.6252249304760347
Activity=SedentaryHigh + Diet=FiberLow,Rx=Antihypertensive,0.08670047439882218,0.6847545219638244,0.9528578176109397,0.12661540978243088,0.7186324227057092
Risk=High + Sex=Female,Rx=Antihypertensive,0.1964665467037461,0.6847206385404789,0.9528106677436712,0.28692949451987565,0.7186324227057092
Activity=SedentaryHigh + Diet=SugarHigh,Rx=Antihypertensive,0.1045313266808441,0.6841541755888652,0.9520224164294862,0.15278913790283002,0.7186324227057092
Activity=Active + Diet=SugarHigh,Cholesterol=High,0.15557009651562245,0.5947467166979362,0.9512524016678399,0.261573695403239,0.6252249304760347
BMI=Overweight + Sex=Female,Rx=Antihypertensive,0.10616718468836905,0.6831578947368422,0.9506360597601449,0.15540651071486994,0.7186324227057092
Diabetes=No + Smoking=Ever,Rx=Antihypertensive,0.169311303778832,0.6822676334871457,0.949397232758234,0.24815965974153442,0.7186324227057092
Diet=FiberLow + Sex=Female,Rx=Antihypertensive,0.2097169965646982,0.6804670912951167,0.9468917207118253,0.3081956486177,0.7186324227057092
Activity=SedentaryHigh + Risk=High,Rx=Antihypertensive,0.10616718468836905,0.6802935010482181,0.946650164331381,0.15606085391787994,0.7186324227057092
Cholesterol=High + Diabetes=No,Rx=Antihypertensive,0.2303288074595125,0.6798647996137132,0.9460536125742383,0.3387861933584165,0.7186324227057092
Smoking=Never,Cholesterol=High,0.3415671519712089,0.5908319185059423,0.9449909779766681,0.5781122198593162,0.6252249304760347
Activity=SedentaryHigh + Alcohol=Regular,Rx=Antihypertensive,0.11451006052674628,0.6789524733268671,0.9447840813674343,0.16865696057582202,0.7186324227057092
Diet=FiberLow + Sex=Male,Cholesterol=High,0.1352854572223131,0.5894511760513186,0.9427825848251467,0.22951087845575005,0.6252249304760347
Diet=SodiumHigh + Hypertension=No,Rx=Antihypertensive,0.27498773106494356,0.676731078904992,0.9416929399832041,0.4063471290691968,0.7186324227057092
Activity=Active + Alcohol=Regular,Cholesterol=High,0.17094716178635694,0.5887323943661972,0.9416329478703724,0.2903647963356781,0.6252249304760347
Cholesterol=High + Sex=Female,Rx=Antihypertensive,0.22264027482414525,0.6764413518886679,0.941289775573737,0.3291346311140193,0.7186324227057092
Sex=Female,Rx=Antihypertensive,0.353181743824636,0.6753206130747575,0.9397302316699278,0.5229838050057255,0.7186324227057092
Diet=SodiumHigh + Sex=Female,Rx=Antihypertensive,0.2486504171437919,0.6752554420257663,0.9396395440709103,0.36823163749386556,0.7186324227057092
Activity=SedentaryHigh + Cholesterol=High,Rx=Antihypertensive,0.0986422378537543,0.6752519596864502,0.9396346982843775,0.14608212007197774,0.7186324227057092
Diet=SugarHigh + Smoking=Never,Cholesterol=High,0.22558481923769017,0.5870583226905066,0.938955396809803,0.38426304596761,0.6252249304760347
Activity=Active + Diet=SodiumHigh,Cholesterol=High,0.17699983641419925,0.586767895878525,0.9384908810846214,0.3016522165876002,0.6252249304760347
Cholesterol=Normal + Sex=Female,Rx=Antihypertensive,0.13054146900049077,0.6734177215189874,0.9370822972104643,0.1938491738917062,0.7186324227057092
Diet=SugarHigh + Hypertension=No,Rx=Antihypertensive,0.24145264191068216,0.6715195632393085,0.9344409492560648,0.3595615900539833,0.7186324227057092
Diabetes=No + Smoking=Ever,Cholesterol=High,0.14493701946671028,0.5840474620962426,0.934139752955084,0.24815965974153442,0.6252249304760347
Hypertension=No,Rx=Antihypertensive,0.34205790937346636,0.6710526315789472,0.9337911989169371,0.5097333551447735,0.7186324227057092
Activity=Active + Rx=Antihypertensive,Cholesterol=High,0.1603140847374448,0.5833333333333334,0.9329975579975581,0.2748241452641911,0.6252249304760347
Hypertension=No + Smoking=Ever,Cholesterol=High,0.11025682970718141,0.5830449826989619,0.9325363629614741,0.18910518566988385,0.6252249304760347
BMI=Overweight + Hypertension=No,Rx=Antihypertensive,0.11859970554555864,0.6700554528650646,0.932403592844102,0.17699983641419925,0.7186324227057092
Rx=Antihypertensive + Smoking=Never,Cholesterol=High,0.24521511532798954,0.5821359223300971,0.9310823896399487,0.4212334369376738,0.6252249304760347
Diabetes=No + Risk=High,Rx=Antihypertensive,0.14281040405692785,0.6684532924961715,0.9301741354493731,0.21364305578275805,0.7186324227057092
Diet=FiberLow + Hypertension=No,Rx=Antihypertensive,0.1778177654179617,0.6681007990165948,0.9296836294988491,0.2661540978243089,0.7186324227057092
Diet=FiberLow + Smoking=Never,Cholesterol=High,0.1720922623916244,0.5799338478500551,0.9275603380186779,0.29674464256502536,0.6252249304760347
Age=30-44 + Sex=Female,Rx=Antihypertensive,0.0894814330116146,0.6662606577344702,0.9271230140520865,0.13430394241779814,0.7186324227057092
Risk=NotHigh + Sex=Female,Rx=Antihypertensive,0.1567151971208899,0.6638946638946639,0.9238306579531255,0.23605431048584982,0.7186324227057092
Diet=SodiumHigh + Smoking=Never,Cholesterol=High,0.2555210207753967,0.5770225341706686,0.9229039119270793,0.4428267626370031,0.6252249304760347
Sex=Male + Smoking=Never,Cholesterol=High,0.1352854572223131,0.5755045233124566,0.9204759683435498,0.23507279568133485,0.6252249304760347
Age=45-59 + Smoking=Never,Rx=Antihypertensive,0.08212007197775233,0.6613965744400526,0.920354486581389,0.12416162277114347,0.7186324227057092
Alcohol=Regular + Hypertension=No,Rx=Antihypertensive,0.24652380173400948,0.6609649122807018,0.919753814880931,0.3729756257156879,0.7186324227057092
Activity=SedentaryHigh + Diabetes=No,Rx=Antihypertensive,0.09324390642892197,0.660486674391657,0.9190883315629864,0.1411745460494029,0.7186324227057092
Activity=Active + Smoking=Never,Cholesterol=High,0.11827253394405365,0.574265289912629,0.9184939082249873,0.2059545231473908,0.6252249304760347
Age=30-44 + Diet=SugarHigh,Cholesterol=High,0.10354981187632914,0.5728506787330317,0.9162313446088496,0.18076230983150662,0.6252249304760347
Diet=SugarHigh + Sex=Female,Rx=Antihypertensive,0.21953214460984788,0.6575208231259186,0.9149612546707809,0.3338786193358417,0.7186324227057092
Age=45-59 + Diet=SodiumHigh,Rx=Antihypertensive,0.11761819074104368,0.6566210045662101,0.9137091283663197,0.17912645182398168,0.7186324227057092
Alcohol=Regular + Sex=Female,Rx=Antihypertensive,0.22231310322264028,0.6558880308880309,0.9126891720506562,0.33894977915916896,0.7186324227057092
Age=30-44,Cholesterol=High,0.1442826762637003,0.5701357466063348,0.9118890159614141,0.2530672337641093,0.6252249304760347
Alcohol=Regular + Smoking=Never,Cholesterol=High,0.2059545231473908,0.5694255992763455,0.9107531890047881,0.36168820546376573,0.6252249304760347
Age=45-59 + Alcohol=Regular,Rx=Antihypertensive,0.11925404874856863,0.6543985637342908,0.9106165308690461,0.18223458203827908,0.7186324227057092
Diabetes=No + Sex=Female,Rx=Antihypertensive,0.21724194339931294,0.6541871921182266,0.9103224005050579,0.3320791755275642,0.7186324227057092
Age=45-59,Rx=Antihypertensive,0.15246196630132505,0.6540350877192982,0.9101107423692396,0.23310976607230494,0.7186324227057092
Activity=Active + Diet=FiberLow,Cholesterol=High,0.10911172910191395,0.5676595744680851,0.9079285658616966,0.19221331588418125,0.6252249304760347
Age=45-59 + Diet=SugarHigh,Rx=Antihypertensive,0.1015867822672992,0.6523109243697479,0.9077115139249418,0.15573368231637494,0.7186324227057092
Age=30-44 + Diet=SodiumHigh,Cholesterol=High,0.11549157533126124,0.5666131621187801,0.9062549084333079,0.20382790773760837,0.6252249304760347
Activity=Active + Sex=Female,Rx=Antihypertensive,0.10829380009815148,0.6509341199606687,0.905795646555786,0.16636675936528708,0.7186324227057092
Age=45-59 + Risk=High,Rx=Antihypertensive,0.08244724357925733,0.6503225806451614,0.9049446700395791,0.12677899558318337,0.7186324227057092
BMI=Normal + Sex=Female,Rx=Antihypertensive,0.09913299525601178,0.6460554371002132,0.899006803322013,0.15344348110584002,0.7186324227057092
Sex=Female + Smoking=Ever,Rx=Antihypertensive,0.11598233273351873,0.6445454545454545,0.8969056143037477,0.17994438082774414,0.7186324227057092
BMI=Obese + Hypertension=No,Rx=Antihypertensive,0.0829380009815148,0.6434010152284264,0.895313090391844,0.1289056109929658,0.7186324227057092
Age=30-44 + Smoking=Never,Cholesterol=High,0.08506461639129724,0.557341907824223,0.8914262382337717,0.15262555210207754,0.6252249304760347
Age=30-44 + Rx=Antihypertensive,Cholesterol=High,0.10109602486504171,0.5572587917042381,0.8912933002846697,0.1814166530345166,0.6252249304760347
Age=30-44 + Alcohol=Regular,Cholesterol=High,0.10927531490266645,0.5534382767191384,0.8851826754537134,0.19744806150826108,0.6252249304760347
BMI=Overweight + Diabetes=No,Cholesterol=High,0.123016522165876,0.5533480500367918,0.8850383646977782,0.22231310322264028,0.6252249304760347
Age=45-59 + Diabetes=No,Rx=Antihypertensive,0.08277441518076231,0.635678391959799,0.8845668131232077,0.13021429739898577,0.7186324227057092
Age=45-59 + Cholesterol=High,Rx=Antihypertensive,0.10404056927858663,0.6353646353646355,0.8841302107862546,0.16374938655324717,0.7186324227057092
Hypertension=No + Smoking=Ever,Rx=Antihypertensive,0.1199083919515786,0.634083044982699,0.8823468367810696,0.18910518566988385,0.7186324227057092
Cholesterol=High + Hypertension=No,Rx=Antihypertensive,0.16669393096679208,0.6259213759213759,0.8709896132500274,0.26631768362506136,0.7186324227057092
Hypertension=No + Sex=Female,Rx=Antihypertensive,0.1691477179780795,0.6089517078916372,0.8473757774508487,0.277768689677736,0.7186324227057092
